host,avgRTT,packetLoss,latency,hopCount,bandwidth,psnr,ssim_first,ssim_second,kaynak,kayitboyut,kayip,kayip_orani,h10gelen,h10giden,h10toplam,h14gelen,h14giden,h14toplam,type,server
h13,204.792,0.0,31,2,10000000,36.507699,0.996039,24.022245,67209812,67371008,-161196,0.0,4776,39462,44238.0,5072.0,39251.0,44323.0,3.0,h10
h1,336.581,0.0,78,3,10000000,35.079593,0.994246,22.400471,67209812,67371008,-161196,0.0,962710,44650,1051598.0,5072.0,40267.0,89662.0,3.0,h14
h2,260.959,0.0,72,3,10000000,36.081554,0.994275,22.422055,67209812,67108864,100948,0.3900382878618973,3095346,57173,4204117.0,983906.0,47582.0,1121150.0,3.0,h14
h3,239.227,0.0,52,2,10000000,29.715019,0.982092,17.469591,67209812,66060288,1149524,1.9501914393094864,5181362,67595,9453074.0,4075282.0,62326.0,5258758.0,3.0,h14
h4,409.193,0.0,81,3,10000000,35.194807,0.993585,21.927812,67209812,67108864,100948,0.3900382878618973,7274784,84244,16812102.0,9233590.0,87819.0,14580167.0,3.0,h10
h5,655.491,0.0,111,4,10000000,26.217717,0.978166,16.608699,67209812,66060288,1149524,1.9501914393094864,10351892,107864,27271858.0,15534760.0,116719.0,30231646.0,3.0,h10
h7,438.195,0.0,110,4,10000000,26.668824,0.971804,15.498149,67209812,62914560,4295252,6.630650893652254,15525380,140868,42938106.0,21814816.0,149909.0,52196371.0,3.0,h10
h8,285.749,0.0,81,3,10000000,25.797823,0.966448,14.742876,67209812,60293120,6916692,10.531033772271227,22897806,187658,66023570.0,28163968.0,188439.0,80548778.0,3.0,h10
h9,240.14,0.0,56,2,10000000,21.42842,0.940756,12.273554,67209812,59506688,7703124,11.70114863585692,32159602,250059,98433231.0,34401934.0,232336.0,115183048.0,3.0,h10
h11,197.336,0.0,23,1,10000000,26.828594,0.970016,15.231112,67209812,62914560,4295252,6.630650893652254,43569148,320775,142323154.0,40686380.0,284362.0,156153790.0,3.0,h14
h12,232.5,0.0,49,2,10000000,26.129759,0.967192,14.840264,67209812,60555264,6654548,10.14099548440933,56161032,396331,198880517.0,47954660.0,345246.0,204453696.0,3.0,h14
h6,190.634,0.0,21,1,10000000,21.814006,0.94515,12.608256,67209812,59506688,7703124,11.70114863585692,68739006,471565,268091088.0,57285974.0,414846.0,262154516.0,3.0,h14
h1,319.549,0.0,31,5,10000000,30.965302,0.986749,18.777589,67209812,67371008,-161196,0.0,4946,698745,703691.0,5112.0,609267.0,614379.0,3.0,h14
h2,318.962,0.0,87,4,10000000,33.451018,0.991243,20.576347,67209812,67371008,-161196,0.0,4946,703221,1411858.0,945462.0,617255.0,2177096.0,3.0,h10
h3,328.201,0.0,100,4,10000000,29.766679,0.982823,17.650541,67209812,66846720,363092,0.7800765757237946,998154,708795,3118807.0,3081308.0,628697.0,5887101.0,3.0,h10
h4,339.645,0.0,74,3,10000000,27.390681,0.971547,15.458654,67209812,65273856,1935956,3.1203063028951785,4057942,723849,7900598.0,5190892.0,639339.0,11717332.0,3.0,h10
h5,568.002,0.0,63,2,10000000,30.949257,0.985698,18.44596,67209812,66846720,363092,0.7800765757237946,9230518,755855,17886971.0,7275120.0,653893.0,19646345.0,3.0,h14
h7,631.488,0.0,74,3,10000000,26.40844,0.968304,14.989959,67209812,65273856,1935956,3.1203063028951785,15493496,793993,34174460.0,10339990.0,668147.0,30654482.0,3.0,h14
h8,384.534,0.0,50,2,10000000,24.727734,0.962931,14.30987,67209812,62390272,4819540,7.41072746937605,21809926,831981,56816367.0,15502888.0,695841.0,46853211.0,3.0,h14
h9,301.176,0.0,75,3,10000000,25.681852,0.962599,14.271136,67209812,60030976,7178836,10.921072060133124,28073126,874656,85764149.0,22723358.0,738488.0,70315057.0,3.0,h14
h11,179.902,0.0,25,1,10000000,25.46761,0.959282,13.902179,67209812,58982400,8227412,12.481225211580714,34339318,925525,121028992.0,32066548.0,797813.0,103179418.0,3.0,h14
h12,279.892,0.0,68,3,10000000,25.843886,0.96405,14.443021,67209812,62390272,4819540,7.41072746937605,40639058,973331,162641381.0,43520610.0,868407.0,147568435.0,3.0,h10
h13,244.435,0.0,56,2,10000000,25.278494,0.959215,13.894978,67209812,60030976,7178836,10.921072060133124,47908402,1029277,211579060.0,56110838.0,944095.0,204623368.0,3.0,h10
h6,358.113,0.0,84,3,10000000,25.35034,0.96035,14.017569,67209812,58982400,8227412,12.481225211580714,57234726,1119455,269933241.0,68685010.0,1044073.0,274352451.0,3.0,h10
h2,402.023,0.0,141,6,10000000,27.650275,0.975807,16.163119,67209812,66322432,887380,1.5601531514475893,4860,1353710,1358570.0,4992.0,1354034.0,1359026.0,3.0,h10
h3,291.438,0.0,59,2,10000000,36.622246,0.996023,24.004413,67209812,67371008,-161196,0.0,995916,1361333,3715819.0,5062.0,1357485.0,2721573.0,3.0,h14
h4,414.387,0.0,125,4,10000000,21.440739,0.85686,8.442396,67209812,67108864,100948,0.3900382878618973,3081056,1368195,8165070.0,998200.0,1363311.0,5083084.0,3.0,h14
h5,361.643,0.0,70,2,10000000,32.223775,0.986346,18.647399,67209812,66322432,887380,1.5601531514475893,5190668,1373699,14729437.0,4064564.0,1378195.0,10525843.0,3.0,h14
h7,929.631,0.0,149,4,10000000,25.459035,0.970514,15.303877,67209812,65798144,1411668,2.340229727171384,7275766,1410235,23415438.0,9230564.0,1425923.0,21182330.0,3.0,h10
h8,676.291,0.0,118,3,10000000,23.762115,0.957116,13.67707,67209812,64487424,2722388,4.29042116648087,10349886,3681327,37446651.0,15522650.0,3705889.0,40410869.0,3.0,h10
h9,429.133,0.0,73,2,10000000,24.840593,0.955658,13.531867,67209812,62128128,5081684,7.800765757237945,15510080,9594725,62551456.0,21814736.0,9616871.0,71842476.0,3.0,h10
h11,329.543,0.0,85,2,10000000,23.375918,0.943152,12.452835,67209812,58982400,8227412,12.481225211580714,22723050,19570759,104845265.0,28102058.0,20541203.0,120485737.0,3.0,h10
h12,293.027,0.0,118,3,10000000,22.216237,0.932119,11.68252,67209812,57671680,9538132,14.4314166508902,32066170,32123385,169034820.0,34379096.0,35161271.0,190026104.0,3.0,h10
h13,233.925,0.0,77,2,10000000,19.326928,0.915379,10.725241,67209812,56885248,10324564,15.60153151447589,43512084,46341601,258888505.0,40660442.0,51453741.0,282140287.0,3.0,h10
h1,264.584,0.0,96,3,10000000,27.50142,0.979088,16.79599,67209812,63700992,3508820,5.460536030066562,56963850,61619853,377472208.0,46931190.0,68802253.0,397873730.0,3.0,h14
h6,155.915,0.0,29,1,10000000,27.418574,0.975837,16.168455,67209812,61603840,5605972,8.58084233296174,71688944,81451807,530612959.0,54183738.0,90526251.0,542583719.0,3.0,h14
h3,318.459,0.0,54,4,10000000,37.02212,0.995829,23.797499,67209812,67371008,-161196,0.0,4944,244491,249435.0,5028.0,247247.0,252275.0,3.0,h10
h4,371.395,0.0,55,4,10000000,18.467856,0.870666,8.882883,67209812,51904512,15305300,23.01225898385194,982796,251062,1483293.0,5098.0,249753.0,507126.0,3.0,h14
h5,297.411,0.0,41,2,10000000,17.988199,0.882831,9.311859,67209812,51642368,15567444,23.40229727171384,3095514,261494,4840301.0,998236.0,259177.0,1764539.0,3.0,h14
h7,307.131,0.0,82,3,10000000,18.870828,0.881851,9.275682,67209812,50855936,16353876,24.572412135299533,5190724,272192,10303217.0,4070656.0,283343.0,6118538.0,3.0,h14
h8,524.219,0.0,75,3,10000000,35.606035,0.993481,21.857869,67209812,67108864,100948,0.3900382878618973,7290308,288411,17881936.0,9233546.0,318457.0,15670541.0,3.0,h10
h9,492.821,0.0,53,2,10000000,27.75798,0.976592,16.306331,67209812,65798144,1411668,2.340229727171384,10352060,311891,28545887.0,15525632.0,356277.0,31552450.0,3.0,h10
h11,315.217,0.0,96,2,10000000,25.443115,0.965948,14.678631,67209812,62652416,4557396,7.020689181514152,15525548,368505,44439940.0,21814772.0,412625.0,53779847.0,3.0,h10
h12,296.879,0.0,138,3,10000000,25.556449,0.963942,14.42995,67209812,60293120,6916692,10.531033772271227,22792470,2792039,70024449.0,28102164.0,2819265.0,84701276.0,3.0,h10
h13,218.746,0.0,96,2,10000000,24.529026,0.958038,13.771406,67209812,59244544,7965268,12.091186923718816,32159770,7677418,109861637.0,34394250.0,7683009.0,126778535.0,3.0,h10
h1,375.922,0.0,143,3,10000000,17.933064,0.852321,8.306825,67209812,50593792,16616020,24.962450423161428,43593824,15190184,168645645.0,40691100.0,15152341.0,182621976.0,3.0,h14
h2,277.391,0.0,144,3,10000000,17.986022,0.853918,8.354027,67209812,50069504,17140308,25.742526998885225,56130494,25730970,250507109.0,47960968.0,25665597.0,256248541.0,3.0,h14
h6,176.951,0.0,48,1,10000000,17.913804,0.848916,8.207824,67209812,49545216,17664596,26.52260357460901,68699384,39899782,359106275.0,57267478.0,39801687.0,353317706.0,3.0,h14
h4,258.291,0.0,76,3,10000000,33.95744,0.992485,21.240871,67209812,67371008,-161196,0.0,4692,809484,814176.0,5030.0,813299.0,818329.0,3.0,h10
h5,208.431,0.0,53,2,10000000,34.154196,0.993041,21.574833,67209812,67371008,-161196,0.0,997830,814532,2626538.0,5030.0,814105.0,1637464.0,3.0,h14
h7,262.516,0.0,77,3,10000000,29.939158,0.98384,17.915658,67209812,66846720,363092,0.7800765757237946,3095262,830544,6552344.0,996086.0,824979.0,3458529.0,3.0,h14
h8,223.129,0.0,53,2,10000000,24.896042,0.968425,15.006615,67209812,65273856,1935956,3.1203063028951785,5178250,840691,12571285.0,4088738.0,839298.0,8386565.0,3.0,h14
h9,275.488,0.0,49,2,10000000,25.134933,0.975883,16.17684,67209812,66846720,363092,0.7800765757237946,7280224,861168,20712677.0,9233548.0,869155.0,18489268.0,3.0,h10
h11,488.841,0.0,45,2,10000000,27.530421,0.973738,15.806654,67209812,65273856,1935956,3.1203063028951785,10351808,884788,31949273.0,15525634.0,902197.0,34917099.0,3.0,h10
h12,650.424,0.0,73,3,10000000,25.703893,0.964578,14.507298,67209812,62128128,5081684,7.800765757237945,15522350,917690,48389313.0,21814774.0,940185.0,57672058.0,3.0,h10
h13,381.783,0.0,53,2,10000000,25.835371,0.963565,14.384855,67209812,59768832,7440980,11.311110347995022,22792218,960060,72141591.0,28106860.0,978383.0,86757301.0,3.0,h10
h1,346.826,0.0,102,4,10000000,21.895631,0.944957,12.592973,67209812,58982400,8227412,12.481225211580714,32167386,1016508,105325485.0,34398946.0,1021167.0,122177414.0,3.0,h10
h2,321.202,0.0,77,3,10000000,24.765451,0.963687,14.399331,67209812,62128128,5081684,7.800765757237945,43629932,1078400,150033817.0,40691102.0,1064327.0,163932843.0,3.0,h14
h3,225.349,0.0,64,2,10000000,25.643198,0.960972,14.086213,67209812,59768832,7440980,11.311110347995022,56157778,1148668,207340263.0,47954618.0,1115793.0,213003254.0,3.0,h14
h6,210.301,0.0,29,1,10000000,21.947713,0.944232,12.536149,67209812,58982400,8227412,12.481225211580714,68763430,1227578,277331271.0,57287446.0,1176285.0,271466985.0,3.0,h14
h5,308.523,0.0,92,4,10000000,35.805482,0.994934,22.952951,67209812,67371008,-161196,0.0,4950,49382,54332.0,5070.0,68301.0,73371.0,3.0,h10
h7,260.001,0.0,89,3,10000000,35.938589,0.995257,23.239756,67209812,67371008,-161196,0.0,998088,54818,1107238.0,5140.0,69635.0,148146.0,3.0,h14
h8,219.548,0.0,69,2,10000000,32.030769,0.987371,18.986443,67209812,67108864,100948,0.3900382878618973,3095520,70784,4273542.0,996126.0,80179.0,1224451.0,3.0,h14
h9,292.682,0.0,96,3,10000000,27.009656,0.977923,16.560667,67209812,65798144,1411668,2.340229727171384,5192882,85346,9551770.0,4084544.0,94783.0,5403778.0,3.0,h14
h11,474.461,0.0,56,2,10000000,32.13449,0.989096,19.624313,67209812,67108864,100948,0.3900382878618973,7275940,111150,16938860.0,9233588.0,124843.0,14762209.0,3.0,h10
h12,725.343,0.0,78,3,10000000,28.335703,0.97847,16.669509,67209812,65798144,1411668,2.340229727171384,10352066,134547,27425473.0,15562340.0,153532.0,30478081.0,3.0,h10
h13,414.021,0.0,52,2,10000000,24.393499,0.965521,14.624399,67209812,62914560,4295252,6.630650893652254,15522608,167332,43115413.0,21828358.0,186359.0,52492798.0,3.0,h10
h1,338.08,0.0,111,4,10000000,25.827221,0.967509,14.882333,67209812,60293120,6916692,10.531033772271227,22796404,209842,66121659.0,28109916.0,228827.0,80831541.0,3.0,h10
h2,327.929,0.0,121,4,10000000,21.786029,0.941476,12.326647,67209812,59244544,7965268,12.091186923718816,32151836,266901,98540396.0,34399056.0,281770.0,115512367.0,3.0,h10
h3,213.106,0.0,57,2,10000000,27.211599,0.971186,15.403934,67209812,62652416,4557396,7.020689181514152,43589146,332829,142462371.0,40652950.0,329368.0,156494685.0,3.0,h14
h4,279.384,0.0,86,3,10000000,25.790216,0.966415,14.738552,67209812,60293120,6916692,10.531033772271227,56174974,408631,199045976.0,47954658.0,381426.0,204830769.0,3.0,h14
h6,163.18,0.0,35,1,10000000,21.697326,0.944343,12.544792,67209812,59244544,7965268,12.091186923718816,68688792,489129,268223897.0,57258436.0,441938.0,262531143.0,3.0,h14
h7,361.459,0.0,135,5,10000000,29.365604,0.981173,17.252085,67209812,67371008,-161196,0.0,4818,3060746,3065564.0,4986.0,3106364.0,3111350.0,3.0,h10
h8,207.988,0.0,60,2,10000000,34.396317,0.994136,22.318138,67209812,67371008,-161196,0.0,998026,3071100,7134690.0,4986.0,3113029.0,6229365.0,3.0,h14
h9,266.244,0.0,82,3,10000000,35.868537,0.994031,22.241311,67209812,67108864,100948,0.3900382878618973,3093236,3081864,13309790.0,998194.0,3118515.0,10346074.0,3.0,h14
h11,185.335,0.0,37,1,10000000,25.33095,0.974554,15.943873,67209812,65798144,1411668,2.340229727171384,5192750,3092856,21595396.0,4088694.0,3137809.0,17572577.0,3.0,h14
h12,384.678,0.0,78,3,10000000,28.677471,0.983755,17.892745,67209812,67108864,100948,0.3900382878618973,7286406,3108531,31990333.0,9256324.0,3176518.0,30005419.0,3.0,h10
h13,579.537,0.0,50,2,10000000,25.507354,0.974308,15.90201,67209812,65798144,1411668,2.340229727171384,10351934,3122715,45464982.0,15525590.0,3214586.0,48745595.0,3.0,h10
h1,496.668,0.0,103,4,10000000,25.958392,0.963335,14.357532,67209812,62652416,4557396,7.020689181514152,15528450,3146279,64139711.0,21814730.0,3256784.0,73817109.0,3.0,h10
h2,317.754,0.0,133,4,10000000,21.873714,0.944115,12.527059,67209812,60293120,6916692,10.531033772271227,22790682,3184095,90114488.0,28109762.0,3304820.0,105231691.0,3.0,h10
h3,334.65,0.0,115,4,10000000,24.350821,0.954026,13.374863,67209812,59244544,7965268,12.091186923718816,32151704,3245302,125511494.0,34398972.0,3357711.0,142988374.0,3.0,h10
h4,269.179,0.0,114,3,10000000,26.111914,0.969701,15.185743,67209812,62914560,4295252,6.630650893652254,43599754,3316218,172427466.0,40691058.0,3409681.0,187089113.0,3.0,h14
h5,239.24,0.0,82,2,10000000,25.425148,0.963314,14.354985,67209812,60293120,6916692,10.531033772271227,56198880,3392048,232018394.0,47954574.0,3470797.0,238514484.0,3.0,h14
h6,194.068,0.0,40,1,10000000,21.001525,0.937169,12.01826,67209812,59244544,7965268,12.091186923718816,68754330,3494580,304267304.0,57305712.0,3565171.0,299385367.0,3.0,h14
h8,259.345,0.0,73,3,10000000,31.851943,0.989105,19.627922,67209812,67371008,-161196,0.0,4650,1800815,1805465.0,4902.0,1801460.0,1806362.0,3.0,h10
h9,261.725,0.0,71,3,10000000,32.277188,0.990929,20.423561,67209812,67371008,-161196,0.0,997788,1806475,4609728.0,4972.0,1802808.0,3614142.0,3.0,h14
h11,160.223,0.0,27,1,10000000,30.047872,0.984114,17.989875,67209812,66846720,363092,0.7800765757237946,3093068,1820708,9523504.0,998110.0,1811973.0,6424225.0,3.0,h14
h12,223.225,0.0,56,2,10000000,23.823189,0.962848,14.30021,67209812,65536000,1673812,2.730268015033281,5190430,1831490,16545424.0,4084306.0,1826637.0,12335168.0,3.0,h14
h13,314.79,0.0,43,2,10000000,30.385132,0.984834,18.191167,67209812,66846720,363092,0.7800765757237946,7287792,1850413,25683629.0,9276542.0,1855042.0,23466752.0,3.0,h10
h1,689.608,0.0,92,4,10000000,23.716702,0.961736,14.172102,67209812,65273856,1935956,3.1203063028951785,10351766,1874037,37909432.0,15545298.0,1884208.0,40896258.0,3.0,h10
h2,740.374,0.0,102,4,10000000,25.372984,0.962463,14.25544,67209812,62390272,4819540,7.41072746937605,15517544,1905763,55332739.0,21814646.0,1912398.0,64623302.0,3.0,h10
h3,350.28,0.0,92,4,10000000,24.757672,0.959254,13.899177,67209812,60030976,7178836,10.921072060133124,22796104,1948293,80077136.0,28106732.0,1946008.0,94676042.0,3.0,h10
h4,284.032,0.0,67,3,10000000,24.536188,0.954285,13.399402,67209812,58982400,8227412,12.481225211580714,32159406,2003228,114239770.0,34398888.0,1992319.0,131067249.0,3.0,h10
h5,223.791,0.0,58,2,10000000,26.065625,0.962034,14.206063,67209812,62128128,5081684,7.800765757237945,43623998,2064900,159928668.0,40693920.0,2044527.0,173805696.0,3.0,h14
h7,297.654,0.0,81,3,10000000,23.927255,0.95112,13.108704,67209812,60030976,7178836,10.921072060133124,56208240,2131108,218268016.0,47960768.0,2105419.0,223871883.0,3.0,h14
h6,177.278,0.0,31,1,10000000,20.479279,0.940881,12.282743,67209812,58982400,8227412,12.481225211580714,68722084,2196816,289186916.0,57301086.0,2179273.0,283352242.0,3.0,h14
h9,204.832,0.0,52,2,10000000,36.017122,0.995202,23.189203,67209812,67371008,-161196,0.0,4734,4809857,4814591.0,4944.0,4809761.0,4814705.0,3.0,h10
h11,192.802,0.0,24,1,10000000,34.758586,0.993554,21.906788,67209812,67371008,-161196,0.0,997872,4815167,10627630.0,4944.0,4810899.0,9630548.0,3.0,h14
h12,209.665,0.0,50,2,10000000,35.246371,0.993419,21.817017,67209812,67108864,100948,0.3900382878618973,3095304,4833026,18555960.0,996000.0,4823452.0,15450000.0,3.0,h14
h13,234.896,0.0,53,2,10000000,24.079931,0.969374,15.139122,67209812,65798144,1411668,2.340229727171384,5192666,4843808,28592434.0,4075154.0,4838336.0,24363490.0,3.0,h14
h1,361.742,0.0,102,4,10000000,33.44278,0.990217,20.095449,67209812,67108864,100948,0.3900382878618973,7280266,4861737,40734437.0,9245684.0,4869887.0,38479061.0,3.0,h10
h2,583.473,0.0,111,4,10000000,28.082731,0.975809,16.163429,67209812,65798144,1411668,2.340229727171384,10376294,4892147,56002878.0,15578300.0,4919121.0,58976482.0,3.0,h10
h3,537.721,0.0,129,4,10000000,25.125083,0.963482,14.374922,67209812,62652416,4557396,7.020689181514152,15522392,4915781,76441051.0,21851956.0,4957505.0,85785943.0,3.0,h10
h4,303.577,0.0,76,3,10000000,25.514356,0.964847,14.540355,67209812,60293120,6916692,10.531033772271227,22796188,4949281,104186520.0,28125764.0,4996059.0,118907766.0,3.0,h10
h5,322.248,0.0,103,4,10000000,21.063952,0.939949,12.214779,67209812,59244544,7965268,12.091186923718816,32154722,4998198,141339440.0,34414904.0,5045250.0,158367920.0,3.0,h10
h7,268.581,0.0,76,3,10000000,24.613373,0.963204,14.342035,67209812,62652416,4557396,7.020689181514152,43620902,5050254,190010596.0,40702296.0,5097166.0,204167382.0,3.0,h14
h8,217.638,0.0,49,2,10000000,25.629574,0.96382,14.415263,67209812,60293120,6916692,10.531033772271227,56211270,5107228,251329094.0,47976928.0,5162340.0,257306650.0,3.0,h14
h6,193.474,0.0,28,1,10000000,21.714055,0.939953,12.215063,67209812,59244544,7965268,12.091186923718816,68766500,5168558,325264152.0,57336218.0,5241392.0,319884260.0,3.0,h14
h11,151.977,0.0,27,1,10000000,35.491486,0.993871,22.126334,67209812,67371008,-161196,0.0,4692,1000381,1005073.0,4986.0,990237.0,995223.0,3.0,h14
h12,258.801,0.0,93,3,10000000,34.824514,0.993951,22.182961,67209812,67371008,-161196,0.0,4692,1001239,2011004.0,996042.0,995267.0,2986532.0,3.0,h10
h13,204.725,0.0,56,2,10000000,32.209749,0.988599,19.430635,67209812,67108864,100948,0.3900382878618973,997900,1010621,4019525.0,3093404.0,1009777.0,7089713.0,3.0,h10
h1,336.058,0.0,141,4,10000000,23.871687,0.967419,14.870384,67209812,65536000,1673812,2.730268015033281,4084096,1025225,9128846.0,5190836.0,1024269.0,13304818.0,3.0,h10
h2,466.709,0.0,92,3,10000000,32.142303,0.989439,19.762832,67209812,67108864,100948,0.3900382878618973,9245322,1053577,19427745.0,7290350.0,1048435.0,21643603.0,3.0,h14
h3,603.262,0.0,61,2,10000000,28.133851,0.974978,16.016809,67209812,65536000,1673812,2.730268015033281,15537408,1082851,36048004.0,10352102.0,1072129.0,33067834.0,3.0,h14
h4,558.244,0.0,100,3,10000000,26.330866,0.967537,14.886138,67209812,62390272,4819540,7.41072746937605,21823438,1115307,58986749.0,15543868.0,1104909.0,49716611.0,3.0,h14
h5,358.735,0.0,63,2,10000000,25.168642,0.963158,14.336556,67209812,60030976,7178836,10.921072060133124,28106522,1157715,88250986.0,22786230.0,1147363.0,73650204.0,3.0,h14
h7,277.584,0.0,101,3,10000000,20.985147,0.939955,12.21521,67209812,58982400,8227412,12.481225211580714,34401624,1211593,123864203.0,32159812.0,1201995.0,107012011.0,3.0,h14
h8,363.655,0.0,108,3,10000000,26.060243,0.968651,15.037707,67209812,62390272,4819540,7.41072746937605,40690764,1273147,165828114.0,43624404.0,1263685.0,151900100.0,3.0,h10
h9,345.743,0.0,65,2,10000000,25.541533,0.962296,14.236089,67209812,60030976,7178836,10.921072060133124,47954280,1343095,215125489.0,56199048.0,1329433.0,209428581.0,3.0,h10
h6,282.323,0.0,80,3,10000000,20.933768,0.860753,8.562127,67209812,58982400,8227412,12.481225211580714,57262600,1422147,273810236.0,68719392.0,1399615.0,279547588.0,3.0,h10
h12,253.897,0.0,2,4,10000000,36.514033,0.99586,23.829724,67209812,67371008,-161196,0.0,4950,69532,74482.0,5224.0,69025.0,74249.0,3.0,h14
h13,211.67,0.0,46,2,10000000,36.334321,0.995803,23.77099,67209812,67371008,-161196,0.0,4950,75525,154957.0,998362.0,79260.0,1151871.0,3.0,h10
h1,312.603,0.0,102,4,10000000,35.102007,0.993114,21.620314,67209812,67108864,100948,0.3900382878618973,998158,80539,1233654.0,3093572.0,89482.0,4334925.0,3.0,h10
h2,327.651,0.0,96,4,10000000,23.808471,0.972197,15.559025,67209812,66060288,1149524,1.9501914393094864,4088658,99287,5421599.0,5191004.0,99659.0,9625588.0,3.0,h10
h3,359.624,0.0,52,2,10000000,36.014831,0.994162,22.337089,67209812,67108864,100948,0.3900382878618973,9233468,127774,14782841.0,7288324.0,105819.0,17019731.0,3.0,h14
h4,667.039,0.0,78,3,10000000,29.772535,0.980145,17.021368,67209812,66060288,1149524,1.9501914393094864,15525554,161912,30470307.0,10368992.0,115859.0,27504582.0,3.0,h14
h5,312.787,0.0,52,2,10000000,27.153962,0.972237,15.565387,67209812,62914560,4295252,6.630650893652254,21825210,194734,52490251.0,15522728.0,129741.0,43157051.0,3.0,h14
h7,266.991,0.0,72,3,10000000,22.513912,0.951243,13.119643,67209812,60293120,6916692,10.531033772271227,28106780,265002,80862033.0,22792624.0,181357.0,66131032.0,3.0,h14
h8,213.417,0.0,47,2,10000000,25.531222,0.963559,14.384147,67209812,59506688,7703124,11.70114863585692,34398866,3433294,118694193.0,32159738.0,3339471.0,101630241.0,3.0,h14
h9,214.911,0.0,50,2,10000000,26.874321,0.972078,15.540481,67209812,62914560,4295252,6.630650893652254,40691022,9706186,169091401.0,43592352.0,9607547.0,154830140.0,3.0,h10
h11,237.671,0.0,55,2,10000000,25.972756,0.966962,14.80982,67209812,60293120,6916692,10.531033772271227,47954538,19177664,236223603.0,56152016.0,19079499.0,230061655.0,3.0,h10
h6,293.171,0.0,69,3,10000000,21.878808,0.945626,12.646122,67209812,59506688,7703124,11.70114863585692,57258316,32118940,325600859.0,68700940.0,32014555.0,330777150.0,3.0,h10
h13,210.11,0.0,90,2,10000000,34.466195,0.992834,21.447061,67209812,67371008,-161196,0.0,4776,1658497,1663273.0,5028.0,1659890.0,1664918.0,3.0,h10
h1,339.286,0.0,87,3,10000000,36.511927,0.995543,23.509885,67209812,67371008,-161196,0.0,995762,1663877,4322912.0,5028.0,1661028.0,3330974.0,3.0,h14
h2,377.223,0.0,79,3,10000000,31.810561,0.987226,18.936702,67209812,67108864,100948,0.3900382878618973,3095346,1678117,9096375.0,983862.0,1670403.0,5985239.0,3.0,h14
h3,231.19,0.0,53,2,10000000,24.769262,0.967949,14.941646,67209812,65536000,1673812,2.730268015033281,5177352,1692819,15966546.0,4059988.0,1685077.0,11730304.0,3.0,h14
h4,403.902,0.0,102,3,10000000,31.76845,0.987761,19.122533,67209812,67108864,100948,0.3900382878618973,7274784,1720975,24962305.0,9225836.0,1713214.0,22669354.0,3.0,h10
h5,660.153,0.0,150,4,10000000,26.504769,0.971029,15.380309,67209812,65536000,1673812,2.730268015033281,10349928,1753503,37065736.0,15525632.0,1741738.0,39936724.0,3.0,h10
h7,464.106,0.0,134,4,10000000,24.475628,0.958951,13.866993,67209812,62390272,4819540,7.41072746937605,15517670,1796319,54379725.0,21814772.0,1775072.0,63526568.0,3.0,h10
h8,296.172,0.0,101,3,10000000,24.402761,0.958339,13.802707,67209812,60030976,7178836,10.921072060133124,22764184,1848489,78992398.0,28102094.0,1813784.0,93442446.0,3.0,h10
h9,222.305,0.0,74,2,10000000,20.489268,0.938502,12.111363,67209812,59244544,7965268,12.091186923718816,32159532,1913195,113065125.0,34394180.0,1860017.0,129696643.0,3.0,h10
h11,218.545,0.0,26,1,10000000,23.214286,0.955364,13.503159,67209812,62390272,4819540,7.41072746937605,43593656,1982931,158641712.0,40663506.0,1911747.0,172271896.0,3.0,h14
h12,242.853,0.0,56,2,10000000,24.362042,0.956608,13.625942,67209812,60030976,7178836,10.921072060133124,56104446,2058355,216804513.0,47891688.0,1972579.0,222136163.0,3.0,h14
h6,209.041,0.0,26,1,10000000,20.82065,0.942017,12.367006,67209812,59244544,7965268,12.091186923718816,68683186,2134003,287621702.0,57241598.0,2042935.0,281420696.0,3.0,h14
h1,309.079,0.0,76,4,10000000,36.988518,0.995632,23.597005,67209812,67371008,-161196,0.0,7324,3574986,3582310.0,7030.0,3776321.0,3783351.0,3.0,h10
h2,338.221,0.0,54,3,10000000,36.81055,0.995679,23.644226,67209812,67371008,-161196,0.0,1000462,3579316,8162088.0,7030.0,3776479.0,7566860.0,3.0,h14
h3,314.492,0.0,39,2,10000000,28.178816,0.976767,16.338874,67209812,66846720,363092,0.7800765757237946,3097894,3590098,14850080.0,1000238.0,3782193.0,12349291.0,3.0,h14
h4,549.488,0.0,70,3,10000000,24.990736,0.950328,13.038877,67209812,64749568,2460244,3.9003828786189727,5193104,3608622,23651806.0,4086434.0,3800892.0,20236617.0,3.0,h14
h5,687.195,0.0,97,4,10000000,36.166508,0.994342,22.473252,67209812,67108864,100948,0.3900382878618973,7278244,3632060,34562110.0,9253756.0,3824498.0,33314871.0,3.0,h10
h7,476.099,0.0,104,4,10000000,25.253045,0.972088,15.542129,67209812,65798144,1411668,2.340229727171384,10352406,3664976,48579492.0,15548940.0,3857614.0,52721425.0,3.0,h10
h8,290.511,0.0,80,3,10000000,25.854223,0.967138,14.833124,67209812,62652416,4557396,7.020689181514152,15524912,3707324,67811728.0,21828804.0,3895874.0,78446103.0,3.0,h10
h9,220.413,0.0,49,2,10000000,25.895881,0.966689,14.774101,67209812,60293120,6916692,10.531033772271227,22794850,3762328,94368906.0,28108860.0,3941813.0,110496776.0,3.0,h10
h11,251.5,0.0,51,2,10000000,21.55089,0.94412,12.527452,67209812,59506688,7703124,11.70114863585692,32162080,3824158,130355144.0,34403892.0,3994291.0,148894959.0,3.0,h10
h12,891.544,0.0,58,2,10000000,20.802454,0.91851,10.888944,67209812,60555264,6654548,10.14099548440933,43626672,3894454,177876270.0,40693032.0,4050951.0,193638942.0,3.0,h14
h13,772.082,0.0,41,2,10000000,19.286755,0.893726,9.735725,67209812,57409536,9800276,14.8214549387521,56264000,3969602,238109872.0,48012578.0,4111427.0,245762947.0,3.0,h14
h21,754.371,0.0,69,3,10000000,20.751083,0.894076,9.750061,67209812,55574528,11635284,17.55172295378538,68767506,4048964,310926342.0,57298460.0,4181367.0,307242774.0,3.0,h14
h22,473.763,0.0,63,3,10000000,18.706483,0.874415,9.010627,67209812,54525952,12683860,19.11187610523297,81316430,4171016,396413788.0,68732176.0,4294113.0,380269063.0,3.0,h14
h6,236.721,0.0,21,1,10000000,18.532342,0.875303,9.041453,67209812,53477376,13732436,20.67202925668056,93876236,8034595,498324619.0,82255330.0,8151978.0,470676371.0,3.0,h14
h1,303.723,0.0,63,4,10000000,36.372927,0.995462,23.431334,67209812,67371008,-161196,0.0,7030,1369449,1376479.0,6990.0,1370299.0,1377289.0,3.0,h10
h2,268.314,0.0,56,3,10000000,35.733479,0.994352,22.481061,67209812,67371008,-161196,0.0,1000168,1373779,3750426.0,6990.0,1370457.0,2754736.0,3.0,h14
h3,300.453,0.0,46,2,10000000,26.840972,0.968709,15.045786,67209812,66584576,625236,1.170114863585692,3097600,1387746,8235772.0,997976.0,1378817.0,5131529.0,3.0,h14
h4,522.605,0.0,70,3,10000000,24.400328,0.938718,12.126674,67209812,64487424,2722388,4.29042116648087,5192810,1400866,14829448.0,4090698.0,1396508.0,10618735.0,3.0,h14
h5,616.778,0.0,95,4,10000000,36.345691,0.994315,22.452886,67209812,67108864,100948,0.3900382878618973,7276968,1415008,23521424.0,9235438.0,1420072.0,21274245.0,3.0,h10
h7,471.38,0.0,97,4,10000000,25.911806,0.974877,15.999323,67209812,66060288,1149524,1.9501914393094864,10354076,1438716,35314216.0,15535094.0,1445002.0,38254341.0,3.0,h10
h8,291.429,0.0,73,3,10000000,26.802539,0.971371,15.432014,67209812,62914560,4295252,6.630650893652254,15527564,1476056,52317836.0,21816622.0,1464856.0,61535819.0,3.0,h10
h9,240.019,0.0,52,2,10000000,25.698766,0.967182,14.838886,67209812,60555264,6654548,10.14099548440933,22798484,1532394,76648714.0,28111612.0,1493442.0,91140873.0,3.0,h10
h11,245.904,0.0,49,2,10000000,21.322171,0.94335,12.467992,67209812,59506688,7703124,11.70114863585692,32166696,1594130,110409540.0,34403726.0,1526912.0,127071511.0,3.0,h10
h12,1173.623,0.0,48,2,10000000,20.768385,0.900865,10.03771,67209812,60030976,7178836,10.921072060133124,43614436,1664362,155688338.0,40692824.0,1565362.0,169329697.0,3.0,h14
h13,1126.987,0.0,46,2,10000000,19.304251,0.881638,9.267889,67209812,56098816,11110996,16.771646378061583,56215460,1743804,213647602.0,47956298.0,1611610.0,218897605.0,3.0,h14
h21,1102.683,0.0,90,3,10000000,19.704501,0.872341,8.9395,67209812,53739520,13470292,20.28199096881866,68735134,1855328,284238064.0,57321490.0,1698786.0,277917881.0,3.0,h14
h22,870.468,0.0,76,3,10000000,18.329984,0.856468,8.4305,67209812,52428800,14781012,22.232182408128143,81325362,5088882,370652308.0,68695094.0,4912750.0,351525725.0,3.0,h14
h23,768.396,0.0,57,2,10000000,18.063344,0.852975,8.326075,67209812,51380224,15829588,23.792335559575736,93912562,15376430,479941300.0,82350000.0,15203134.0,449078859.0,3.0,h14
h6,698.553,0.0,24,1,10000000,17.630042,0.850386,8.25027,67209812,50331648,16878164,25.352488711023323,106435170,33105408,619481878.0,97851066.0,32928324.0,579858249.0,3.0,h14
h1,305.573,0.0,121,4,10000000,36.317361,0.995996,23.975149,67209812,67371008,-161196,0.0,7198,678355,685553.0,7114.0,701221.0,708335.0,3.0,h10
h2,345.176,0.0,63,3,10000000,32.941691,0.989326,19.716845,67209812,67371008,-161196,0.0,1001506,682768,2369827.0,7114.0,701462.0,1416911.0,3.0,h14
h3,338.095,0.0,48,2,10000000,26.229321,0.964224,14.464107,67209812,66322432,887380,1.5601531514475893,3082412,693680,6145919.0,988976.0,707176.0,3113063.0,3.0,h14
h4,760.226,0.0,77,3,10000000,21.016245,0.915296,10.72094,67209812,63963136,3246676,5.070497742204665,5195130,711448,12052497.0,4075810.0,725445.0,7914318.0,3.0,h14
h5,590.178,0.0,110,4,10000000,33.832514,0.990971,20.443415,67209812,67108864,100948,0.3900382878618973,7290340,734806,20077643.0,9255354.0,748929.0,17918601.0,3.0,h10
h7,446.743,0.0,141,5,10000000,29.423313,0.982164,17.487035,67209812,66060288,1149524,1.9501914393094864,10352280,767494,31197417.0,15524702.0,773183.0,34216486.0,3.0,h10
h8,292.924,0.0,115,3,10000000,26.496025,0.969142,15.106382,67209812,62914560,4295252,6.630650893652254,15527732,809910,47535059.0,21816816.0,797077.0,56830379.0,3.0,h10
h9,230.187,0.0,70,2,10000000,25.932694,0.965314,14.598508,67209812,60293120,6916692,10.531033772271227,22794724,864277,71194060.0,28108860.0,828654.0,85767893.0,3.0,h10
h11,245.917,0.0,67,2,10000000,25.386495,0.960554,14.039946,67209812,59244544,7965268,12.091186923718816,32161954,925711,104281725.0,34400904.0,862214.0,121031011.0,3.0,h10
h12,1228.711,0.0,56,2,10000000,20.059214,0.88128,9.254756,67209812,58982400,8227412,12.481225211580714,43626546,995997,148904268.0,40688184.0,900272.0,162619467.0,3.0,h14
h13,1234.883,0.0,58,2,10000000,17.696401,0.85095,8.266686,67209812,54525952,12683860,19.11187610523297,56201190,1075775,206181233.0,47956422.0,946600.0,211522489.0,3.0,h14
h21,1462.62,0.0,79,3,10000000,18.806085,0.846421,8.136683,67209812,51904512,15305300,23.01225898385194,68768894,1160575,276110702.0,57322064.0,1007504.0,269852057.0,3.0,h14
h22,1305.218,0.0,72,3,10000000,18.730319,0.832664,7.764102,67209812,50069504,17140308,25.742526998885225,81330072,1279598,358720372.0,68690676.0,1111213.0,339653946.0,3.0,h14
h23,1149.08,0.0,48,2,10000000,17.041443,0.812689,7.274379,67209812,48234496,18975316,28.472795013918507,93859314,5078309,457657995.0,82235310.0,4895468.0,426784724.0,3.0,h14
h24,599.957,0.0,88,3,10000000,18.415124,0.814707,7.321414,67209812,46923776,20286036,30.422986453227992,106443486,12835283,576936764.0,97564994.0,12642896.0,536992614.0,3.0,h14
h6,1149.7,0.0,26,1,10000000,17.101641,0.800162,6.993221,67209812,45088768,22121044,33.153254468261274,119087272,24303737,720327773.0,114668330.0,24094452.0,675755396.0,3.0,h14
h1,,100.0,49,3,10000000,38.780657,0.997548,26.104396,67209812,67371008,-161196,0.0,7366,4864610,4871976.0,7156.0,4610580.0,4617736.0,3.0,h14
h2,1244.351,0.0,129,4,10000000,32.988239,0.988855,19.529179,67209812,67371008,-161196,0.0,7366,4864768,9744110.0,1000294.0,4614910.0,10232940.0,3.0,h10
h3,910.174,0.0,112,4,10000000,25.549394,0.962344,14.241636,67209812,66584576,625236,1.170114863585692,1000504,4874696,15619310.0,3097656.0,4630179.0,17960775.0,3.0,h10
h4,1356.06,0.0,92,3,10000000,22.065069,0.916009,10.757684,67209812,63963136,3246676,5.070497742204665,4091074,4920010,24630394.0,5192936.0,4667383.0,27821094.0,3.0,h10
h5,412.703,0.0,67,2,10000000,32.570816,0.98811,19.248018,67209812,66846720,363092,0.7800765757237946,9238842,7587424,41456660.0,7278076.0,7312019.0,42411189.0,3.0,h14
h7,295.881,0.0,88,3,10000000,27.150994,0.973349,15.74281,67209812,65536000,1673812,2.730268015033281,15552234,13041320,70050214.0,10354202.0,12739671.0,65505062.0,3.0,h14
h8,215.7,0.0,65,2,10000000,21.634707,0.937523,12.042777,67209812,61865984,5343828,8.190804045099844,21812276,21331856,113194346.0,15519980.0,21016275.0,102041317.0,3.0,h14
h9,258.822,0.0,91,3,10000000,21.92396,0.931808,11.662654,67209812,58982400,8227412,12.481225211580714,28109196,32381144,173684686.0,22794682.0,32061102.0,156897101.0,3.0,h14
h11,158.332,0.0,30,1,10000000,19.843331,0.917219,10.820692,67209812,57671680,9538132,14.4314166508902,34390626,46362510,254437822.0,32153972.0,46054306.0,235105379.0,3.0,h14
h12,1115.649,0.0,91,3,10000000,18.84232,0.870411,8.874318,67209812,58982400,8227412,12.481225211580714,40637334,63229084,358304240.0,43522584.0,62941770.0,341569733.0,3.0,h10
h13,204.978,0.0,62,2,10000000,17.77115,0.847471,8.166463,67209812,54263808,12946004,19.501914393094864,47893956,83028664,489226860.0,56186194.0,82771376.0,480527303.0,3.0,h10
h21,365.963,0.0,135,5,10000000,17.716208,0.835693,7.843433,67209812,51904512,15305300,23.01225898385194,57246894,105919938,652393692.0,68713780.0,105691634.0,654932717.0,3.0,h10
h22,305.992,0.0,129,4,10000000,17.270534,0.8223,7.503133,67209812,50069504,17140308,25.742526998885225,68738498,121573030,842705220.0,81317298.0,121379272.0,857629287.0,3.0,h10
h23,310.58,0.0,112,4,10000000,17.001375,0.808935,7.188198,67209812,48234496,18975316,28.472795013918507,82263166,121646532,1046614918.0,93895230.0,121472018.0,1072996535.0,3.0,h10
h24,268.217,0.0,92,3,10000000,17.382888,0.8037,7.070793,67209812,46661632,20548180,30.81302474108989,97699378,121742434,1266056730.0,106455036.0,121575262.0,1301026833.0,3.0,h10
h25,310.661,0.0,133,4,10000000,18.431687,0.80917,7.193538,67209812,45088768,22121044,33.153254468261274,114695950,124332674,1505085354.0,119031060.0,124171184.0,1544229077.0,3.0,h10
h6,157.352,0.0,25,1,10000000,22.091004,0.923601,11.169117,67209812,56623104,10586708,15.991569802337793,133438736,129515946,1768040036.0,131594090.0,129349245.0,1805172412.0,3.0,h14
h2,304.007,0.0,153,4,10000000,33.2969,0.992769,21.407777,67209812,67371008,-161196,0.0,7282,1536252,1543534.0,7156.0,1544014.0,1551170.0,3.0,h10
h3,215.678,0.0,55,2,10000000,34.255778,0.99259,21.301936,67209812,67371008,-161196,0.0,1001590,1540740,4085864.0,7156.0,1544330.0,3102656.0,3.0,h14
h4,284.819,0.0,111,3,10000000,25.254931,0.957066,13.672002,67209812,66322432,887380,1.5601531514475893,3097852,1557843,8741559.0,998142.0,1556435.0,5657233.0,3.0,h14
h5,347.005,0.0,83,2,10000000,21.275916,0.911482,10.529689,67209812,63176704,4033108,6.240612605790357,5193062,1573437,15508058.0,4083422.0,1571861.0,11312516.0,3.0,h14
h7,708.17,0.0,153,4,10000000,30.482506,0.983982,17.954032,67209812,66846720,363092,0.7800765757237946,7278202,1596757,24383017.0,9252368.0,1595387.0,22160271.0,3.0,h10
h8,892.718,0.0,107,3,10000000,23.284949,0.960961,14.084978,67209812,65011712,2198100,3.510344590757076,10354328,1629817,36367162.0,15527690.0,1628573.0,39316534.0,3.0,h10
h9,895.117,0.0,150,4,10000000,23.025411,0.946589,12.723718,67209812,61341696,5868116,8.970880620823637,15527886,1672673,53567721.0,21819776.0,1671825.0,62808135.0,3.0,h10
h11,661.746,0.0,81,2,10000000,19.946579,0.923624,11.170453,67209812,58720256,8489556,12.871263499442612,22742324,1730740,78040785.0,28104152.0,1725650.0,92637937.0,3.0,h10
h12,543.256,0.0,110,3,10000000,22.386252,0.932503,11.707137,67209812,57409536,9800276,14.8214549387521,32154098,1792084,111986967.0,34401072.0,1772878.0,128811887.0,3.0,h10
h13,1223.75,0.0,92,2,10000000,18.853302,0.8788,9.164987,67209812,58458112,8751700,13.261301787304507,43599120,1862590,157448677.0,40693158.0,1824582.0,171329627.0,3.0,h14
h21,1215.537,0.0,82,3,10000000,19.155288,0.853897,8.35342,67209812,54001664,13208148,19.891952680956763,56197346,1942010,215588033.0,47956674.0,1884912.0,221171213.0,3.0,h14
h22,1286.197,0.0,79,3,10000000,18.845842,0.838388,7.915251,67209812,51380224,15829588,23.792335559575736,68735386,2029908,286353327.0,57277248.0,1955268.0,280403729.0,3.0,h14
h23,1182.484,0.0,55,2,10000000,17.460355,0.810643,7.227193,67209812,49283072,17926740,26.91264186247092,81321072,2127678,369802077.0,68729062.0,2034504.0,351167295.0,3.0,h14
h24,1160.78,0.0,111,3,10000000,17.372426,0.801618,7.024974,67209812,47448064,19761748,29.6429098775042,93891476,2235148,465928701.0,82264612.0,2123494.0,435555401.0,3.0,h14
h25,1254.542,0.0,83,2,10000000,17.025063,0.794404,6.869851,67209812,45875200,21334612,31.983139604675586,106483218,2349202,574761121.0,97794140.0,2218762.0,535568303.0,3.0,h14
h1,1389.757,0.0,82,3,10000000,18.615994,0.800489,7.000332,67209812,44302336,22907476,34.32336933184696,119030840,2469918,696261879.0,114552122.0,2320418.0,652440843.0,3.0,h14
h6,261.733,0.0,102,3,10000000,19.251458,0.913195,10.614577,67209812,56623104,10586708,15.991569802337793,131612488,2585229,830459596.0,133056990.0,2415591.0,787913424.0,3.0,h10
h3,309.93,0.0,121,4,10000000,36.966366,0.995867,23.837307,67209812,67371008,-161196,0.0,7198,1495612,1502810.0,7030.0,1820315.0,1827345.0,3.0,h10
h4,,100.0,88,3,10000000,32.611543,0.988874,19.5365,67209812,67371008,-161196,0.0,1000336,1500025,4003171.0,7030.0,1820556.0,3654931.0,3.0,h14
h5,1235.974,0.0,65,2,10000000,26.082271,0.961466,14.141521,67209812,66322432,887380,1.5601531514475893,3097768,1510737,8611676.0,1000168.0,1826200.0,6481299.0,3.0,h14
h7,1232.741,0.0,90,3,10000000,20.991487,0.911585,10.534758,67209812,63700992,3508820,5.460536030066562,5180756,1560240,15352672.0,4061990.0,1875288.0,12418577.0,3.0,h14
h8,516.763,0.0,96,3,10000000,31.811924,0.986343,18.646421,67209812,66846720,363092,0.7800765757237946,7278118,4592130,27222920.0,9255270.0,4907304.0,26581151.0,3.0,h10
h9,330.668,0.0,68,2,10000000,26.83776,0.971034,15.381083,67209812,65536000,1673812,2.730268015033281,10354244,11010328,48587492.0,15540920.0,11318262.0,53440333.0,3.0,h10
h11,216.753,0.0,68,2,10000000,24.20722,0.950689,13.070545,67209812,61865984,5343828,8.190804045099844,15520092,20685724,84793308.0,21832964.0,20982582.0,96255879.0,3.0,h10
h12,267.863,0.0,94,3,10000000,22.530271,0.93692,12.001059,67209812,58982400,8227412,12.481225211580714,22788372,33600359,141182039.0,28117340.0,33871776.0,158244995.0,3.0,h10
h13,213.551,0.0,68,2,10000000,19.486668,0.914586,10.684704,67209812,57409536,9800276,14.8214549387521,32166864,50031553,223380456.0,34403392.0,50274748.0,242923135.0,3.0,h10
h21,1319.447,0.0,101,3,10000000,20.294152,0.882798,9.310659,67209812,58982400,8227412,12.481225211580714,43566958,69723135,336670549.0,40701582.0,69925396.0,353550113.0,3.0,h14
h22,484.22,0.0,107,3,10000000,19.014677,0.855199,8.392271,67209812,54263808,12946004,19.501914393094864,56106798,92646551,485423898.0,47929786.0,92803682.0,494283581.0,3.0,h14
h23,286.444,0.0,70,2,10000000,17.243656,0.828376,7.654216,67209812,51642368,15567444,23.40229727171384,68690970,119253955,673368823.0,57256844.0,119380818.0,670921243.0,3.0,h14
h24,338.887,0.0,88,3,10000000,17.337211,0.820087,7.449367,67209812,49807360,17402452,26.13256528674712,81275142,149589987,904233952.0,68704116.0,149697294.0,889322653.0,3.0,h14
h25,209.986,0.0,65,2,10000000,17.015411,0.808105,7.169371,67209812,47972352,19237460,28.8628333017804,93902202,169874531,1168010685.0,82248750.0,169978734.0,1141550137.0,3.0,h14
h1,255.775,0.0,101,3,10000000,16.856771,0.800997,7.011396,67209812,46661632,20548180,30.81302474108989,106469436,169980409,1444460530.0,97565504.0,170063534.0,1409179175.0,3.0,h14
h2,254.448,0.0,107,3,10000000,17.188453,0.800571,7.002112,67209812,45088768,22121044,33.153254468261274,119022296,172990431,1736473257.0,114722380.0,173052478.0,1696954033.0,3.0,h14
h6,255.255,0.0,90,3,10000000,19.355909,0.906845,10.307928,67209812,56623104,10586708,15.991569802337793,131603752,179141800,2047218809.0,133383386.0,179181424.0,2009518843.0,3.0,h10
h4,259.516,0.0,121,3,10000000,37.012906,0.996161,24.157752,67209812,67371008,-161196,0.0,7204,34916,42120.0,7198.0,36653.0,43851.0,3.0,h10
h5,289.489,0.0,65,2,10000000,32.75394,0.987614,19.070815,67209812,67371008,-161196,0.0,1000342,39404,1081866.0,7198.0,36969.0,88018.0,3.0,h14
h7,360.497,0.0,94,3,10000000,25.348415,0.95891,13.862598,67209812,66322432,887380,1.5601531514475893,3097774,49906,4229546.0,998184.0,42473.0,1128675.0,3.0,h14
h8,552.866,0.0,59,2,10000000,21.398197,0.906714,10.301833,67209812,63438848,3770964,5.85057431792846,5180762,66526,9476834.0,4062158.0,58967.0,5249800.0,3.0,h14
h9,902.502,0.0,83,2,10000000,29.888215,0.983938,17.942123,67209812,66846720,363092,0.7800765757237946,7290346,85751,16852931.0,9235646.0,82148.0,14567594.0,3.0,h10
h11,815.623,0.0,81,2,10000000,25.895048,0.964388,14.484074,67209812,65273856,1935956,3.1203063028951785,10354250,109156,27316337.0,15527732.0,114975.0,30210301.0,3.0,h10
h12,672.597,0.0,82,3,10000000,21.632754,0.935553,11.907987,67209812,61341696,5868116,8.970880620823637,15524862,142370,42983569.0,21827388.0,153537.0,52191226.0,3.0,h10
h13,454.018,0.0,60,2,10000000,20.272359,0.918038,10.863894,67209812,58458112,8751700,13.261301787304507,22847546,186270,66017385.0,28155096.0,193635.0,80539957.0,3.0,h10
h21,424.845,0.0,149,4,10000000,19.197038,0.909047,10.411842,67209812,57147392,10062420,15.211493226613996,32161960,238286,98417631.0,34401114.0,236031.0,115177102.0,3.0,h10
h22,1241.659,0.0,86,3,10000000,19.876522,0.873805,8.989595,67209812,58195968,9013844,13.651340075166408,43562280,299002,142278913.0,40688436.0,287809.0,156153347.0,3.0,h14
h23,1256.99,0.0,73,2,10000000,18.981905,0.852653,8.316575,67209812,53739520,13470292,20.28199096881866,56143424,369340,198791677.0,47956716.0,348641.0,204458704.0,3.0,h14
h24,1342.207,0.0,113,3,10000000,17.078133,0.82393,7.543156,67209812,51118080,16091732,24.18237384743763,68695518,448699,267935894.0,57292572.0,418358.0,262169634.0,3.0,h14
h25,1232.723,0.0,65,2,10000000,16.940093,0.80302,7.055772,67209812,49020928,18188884,27.30268015033281,81369540,537066,349842500.0,68775092.0,497387.0,331442113.0,3.0,h14
h1,1129.641,0.0,95,3,10000000,16.881633,0.79446,6.871026,67209812,47448064,19761748,29.6429098775042,93859320,634930,444336750.0,82266168.0,586401.0,414294682.0,3.0,h14
h2,1270.129,0.0,86,3,10000000,16.93215,0.794343,6.868562,67209812,45875200,21334612,31.983139604675586,106452646,738940,551528336.0,97779662.0,680201.0,512754545.0,3.0,h14
h3,1268.411,0.0,73,2,10000000,17.058838,0.78881,6.753269,67209812,44302336,22907476,34.32336933184696,119027734,843038,671399108.0,114440216.0,773995.0,627968756.0,3.0,h14
h6,260.554,0.0,86,3,10000000,19.246984,0.905053,10.225204,67209812,56360960,10848852,16.381608090199688,131616448,970504,803986060.0,132601268.0,885109.0,761455133.0,3.0,h10
h5,308.197,0.0,95,4,10000000,34.463927,0.992783,21.416382,67209812,67371008,-161196,0.0,7198,260552,267750.0,7240.0,263086.0,270326.0,3.0,h10
h7,268.175,0.0,79,3,10000000,31.517688,0.983243,17.758087,67209812,67108864,100948,0.3900382878618973,965132,265040,1497922.0,7240.0,263402.0,540968.0,3.0,h14
h8,239.665,0.0,50,2,10000000,23.196888,0.935886,11.930479,67209812,65536000,1673812,2.730268015033281,3097768,277862,4873552.0,998226.0,271333.0,1810527.0,3.0,h14
h9,469.894,0.0,68,3,10000000,19.915648,0.885693,9.419281,67209812,62652416,4557396,7.020689181514152,5192978,293445,10359975.0,4062200.0,286818.0,6159545.0,3.0,h14
h11,656.904,0.0,50,2,10000000,28.303437,0.977074,16.396668,67209812,66584576,625236,1.170114863585692,7290230,312753,17962958.0,9235688.0,310382.0,15705615.0,3.0,h10
h12,759.108,0.0,71,3,10000000,24.77948,0.951971,13.184986,67209812,64749568,2460244,3.9003828786189727,10352280,336233,28651471.0,15524828.0,339298.0,31569741.0,3.0,h10
h13,650.205,0.0,49,2,10000000,21.982364,0.934163,11.815274,67209812,61079552,6130260,9.360918908685536,15527732,374083,44553286.0,21816914.0,368970.0,53755625.0,3.0,h10
h21,512.373,0.0,115,4,10000000,19.293351,0.914221,10.666202,67209812,58195968,9013844,13.651340075166408,22794724,428780,67776790.0,28109000.0,404922.0,82269547.0,3.0,h10
h22,363.238,0.0,100,4,10000000,19.212221,0.907823,10.353789,67209812,56885248,10324564,15.60153151447589,32122714,489814,100389318.0,34396392.0,447634.0,117113573.0,3.0,h10
h23,1310.835,0.0,61,2,10000000,17.863139,0.850103,8.24208,67209812,57671680,9538132,14.4314166508902,43606748,563822,144559888.0,40688478.0,494998.0,158297049.0,3.0,h14
h24,1276.685,0.0,91,4,10000000,18.47453,0.838341,7.914002,67209812,53215232,13994580,21.06206754454245,56163384,649342,201372614.0,47935134.0,546822.0,206779005.0,3.0,h14
h25,1217.374,0.0,58,2,10000000,16.810631,0.799257,6.973606,67209812,50593792,16616020,24.962450423161428,68704596,733750,270810960.0,57243740.0,611476.0,264634221.0,3.0,h14
h1,1381.705,0.0,82,3,10000000,18.223393,0.809794,7.207762,67209812,48496640,18713172,28.08275672605661,81308734,822192,352941886.0,68724604.0,690580.0,334049405.0,3.0,h14
h2,1156.801,0.0,76,3,10000000,17.112274,0.79639,6.912004,67209812,46661632,20548180,30.81302474108989,93894420,919960,447756266.0,82235646.0,779498.0,417064549.0,3.0,h14
h3,1122.771,0.0,61,2,10000000,17.161563,0.787477,6.725938,67209812,45088768,22121044,33.153254468261274,106435338,1019828,555211432.0,97877642.0,877492.0,515819683.0,3.0,h14
h4,1372.589,0.0,99,4,10000000,17.196001,0.78285,6.632404,67209812,43253760,23956052,35.88352248329455,119019580,1124970,675355982.0,114513954.0,990258.0,631323895.0,3.0,h14
h6,261.099,0.0,71,3,10000000,19.297263,0.90354,10.156528,67209812,56098816,11110996,16.771646378061583,131604004,1237507,808197493.0,133324020.0,1103982.0,765751897.0,3.0,h10
h7,308.962,0.0,100,4,10000000,34.422318,0.992951,21.518604,67209812,67371008,-161196,0.0,7030,188368,195398.0,7030.0,188749.0,195779.0,3.0,h10
h8,220.812,0.0,48,2,10000000,33.995065,0.990439,20.195117,67209812,67371008,-161196,0.0,1000168,192856,1388422.0,7030.0,189065.0,391874.0,3.0,h14
h9,275.25,0.0,70,3,10000000,25.582054,0.955856,13.551246,67209812,66060288,1149524,1.9501914393094864,3098770,203708,4690900.0,998086.0,198839.0,1588799.0,3.0,h14
h11,290.799,0.0,23,1,10000000,22.009929,0.911719,10.541333,67209812,63438848,3770964,5.85057431792846,5180588,217028,10088516.0,4061990.0,225669.0,5876458.0,3.0,h14
h12,488.954,0.0,70,3,10000000,30.406099,0.983013,17.698853,67209812,66846720,363092,0.7800765757237946,7290172,227040,17605728.0,9272144.0,258529.0,15407131.0,3.0,h10
h13,874.007,0.0,54,2,10000000,21.240482,0.935973,11.93635,67209812,65011712,2198100,3.510344590757076,10354076,245424,28205228.0,15527634.0,296597.0,31231362.0,3.0,h10
h21,774.917,0.0,120,4,10000000,22.70301,0.930754,11.596049,67209812,61603840,5605972,8.58084233296174,15533690,278890,44017808.0,21848706.0,335191.0,53415259.0,3.0,h10
h22,590.296,0.0,93,4,10000000,21.869618,0.922995,11.134787,67209812,58720256,8489556,12.871263499442612,22794556,324036,67136400.0,28108860.0,376235.0,81900354.0,3.0,h10
h23,462.63,0.0,113,4,10000000,21.59191,0.916972,10.807758,67209812,57409536,9800276,14.8214549387521,32161786,380668,99678854.0,34396182.0,415185.0,116711721.0,3.0,h10
h24,1392.039,0.0,82,3,10000000,20.022981,0.863179,8.638485,67209812,57933824,9275988,14.041378363028304,43579044,451754,143709652.0,40688268.0,457723.0,157857712.0,3.0,h14
h25,1229.564,0.0,57,2,10000000,18.570188,0.844539,8.083792,67209812,53739520,13470292,20.28199096881866,56112686,526730,200349068.0,47902704.0,508801.0,206269217.0,3.0,h14
h1,1230.901,0.0,87,3,10000000,16.719123,0.815493,7.339875,67209812,51118080,16091732,24.18237384743763,68721366,605876,269676310.0,57258812.0,569717.0,264097746.0,3.0,h14
h2,1265.704,0.0,69,3,10000000,17.454901,0.814715,7.321601,67209812,49283072,17926740,26.91264186247092,81374056,694614,351744980.0,68738162.0,640013.0,333475921.0,3.0,h14
h3,1181.245,0.0,61,2,10000000,17.026282,0.800516,7.000911,67209812,47448064,19761748,29.6429098775042,93859146,788508,446392634.0,82235506.0,723777.0,416435204.0,3.0,h14
h4,1293.748,0.0,82,3,10000000,16.842949,0.789913,6.776018,67209812,45875200,21334612,31.983139604675586,106443318,883732,553719684.0,97848972.0,817345.0,515101521.0,3.0,h14
h5,1270.748,0.0,57,2,10000000,17.035204,0.788908,6.755288,67209812,44040192,23169620,34.71340761970886,119027812,987878,673735374.0,114643642.0,920789.0,630665952.0,3.0,h14
h6,261.808,0.0,84,3,10000000,19.413147,0.898831,9.949524,67209812,56360960,10848852,16.381608090199688,131611942,1099632,806446948.0,133393766.0,1028567.0,765088285.0,3.0,h10
h8,207.656,0.0,49,2,10000000,36.617697,0.996021,24.001925,67209812,67371008,-161196,0.0,7114,309012,316126.0,7074.0,69483.0,76557.0,3.0,h14
h9,209.684,0.0,36,2,10000000,32.976394,0.989709,19.875313,67209812,67371008,-161196,0.0,7114,309170,632410.0,1000212.0,73813.0,1150582.0,3.0,h10
h11,240.072,0.0,53,2,10000000,26.557587,0.968193,14.974773,67209812,66584576,625236,1.170114863585692,1000252,315164,1947826.0,3095492.0,85015.0,4331089.0,3.0,h10
h12,331.188,0.0,78,3,10000000,23.386513,0.929509,11.518689,67209812,63963136,3246676,5.070497742204665,4062074,332995,6342895.0,5192854.0,98530.0,9622473.0,3.0,h10
h13,402.716,0.0,37,2,10000000,32.148534,0.988568,19.418875,67209812,66846720,363092,0.7800765757237946,9235562,356559,15935016.0,7290216.0,108542.0,17021231.0,3.0,h14
h21,884.975,0.0,61,3,10000000,27.477616,0.971466,15.446308,67209812,65536000,1673812,2.730268015033281,15538246,385331,31858593.0,10354120.0,122726.0,27498077.0,3.0,h14
h22,861.169,0.0,68,3,10000000,24.362717,0.95525,13.492023,67209812,62128128,5081684,7.800765757237945,21812024,456623,54127240.0,15535178.0,188022.0,43221277.0,3.0,h14
h23,481.926,0.0,39,2,10000000,22.247673,0.938165,12.087641,67209812,58982400,8227412,12.481225211580714,28108874,4292478,86528592.0,22788248.0,4023329.0,70032854.0,3.0,h14
h24,334.441,0.0,73,3,10000000,19.97211,0.919279,10.930125,67209812,57933824,9275988,14.041378363028304,34396266,12056660,132981518.0,32153890.0,11774999.0,113961743.0,3.0,h14
h25,1338.818,0.0,104,4,10000000,20.020936,0.88608,9.434001,67209812,59244544,7965268,12.091186923718816,40688352,23779556,197449426.0,43572890.0,23502847.0,181037480.0,3.0,h10
h1,1301.509,0.0,108,4,10000000,19.02775,0.866186,8.734993,67209812,54788096,12421716,18.72183781737107,47956632,39688952,285095010.0,56184308.0,39408361.0,276630149.0,3.0,h10
h2,1166.978,0.0,102,4,10000000,19.2103,0.85026,8.246621,67209812,52166656,15043156,22.622220695990045,57243614,59158184,401496808.0,68707310.0,58869927.0,404207386.0,3.0,h10
h3,1228.794,0.0,98,4,10000000,17.277028,0.832333,7.755534,67209812,50593792,16616020,24.962450423161428,68800698,82696548,552994054.0,81401294.0,82391159.0,567999839.0,3.0,h10
h4,1184.707,0.0,78,3,10000000,17.342437,0.819257,7.429384,67209812,48758784,18451028,27.692718438194703,82187148,110265460,745446662.0,93867506.0,109941883.0,771809228.0,3.0,h10
h5,752.441,0.0,104,4,10000000,18.525184,0.817787,7.39421,67209812,47185920,20023892,30.03294816536609,97834630,142051528,985332820.0,106451678.0,141711587.0,1019972493.0,3.0,h10
h7,1251.081,0.0,98,4,10000000,17.120802,0.801692,7.026604,67209812,45613056,21596756,32.37317789253748,114788168,178302791,1278423779.0,119033580.0,177940360.0,1316946433.0,3.0,h10
h6,267.808,0.0,16,1,10000000,22.21319,0.929306,11.506193,67209812,56885248,10324564,15.60153151447589,133409930,217646709,1629480418.0,131534744.0,217236872.0,1665718049.0,3.0,h14
h9,203.482,0.0,135,2,10000000,30.620117,0.987244,18.942733,67209812,67371008,-161196,0.0,7156,998575,1005731.0,7198.0,1030368.0,1037566.0,3.0,h10
h11,158.987,0.0,25,1,10000000,31.810592,0.986017,18.544005,67209812,67108864,100948,0.3900382878618973,965090,1002980,2973801.0,7198.0,1030601.0,2075365.0,3.0,h14
h12,220.4,0.0,49,2,10000000,21.891161,0.937816,12.063216,67209812,66060288,1149524,1.9501914393094864,3083352,1017873,7075026.0,985962.0,1040286.0,4101613.0,3.0,h14
h13,243.485,0.0,42,2,10000000,22.40451,0.910611,10.487151,67209812,62914560,4295252,6.630650893652254,5180714,1029215,13284955.0,4086492.0,1055800.0,9243905.0,3.0,h14
h21,395.123,0.0,185,4,10000000,28.044327,0.976526,16.294198,67209812,66584576,625236,1.170114863585692,7275506,1039227,21599688.0,9235646.0,1079364.0,19558915.0,3.0,h10
h22,808.379,0.0,182,4,10000000,22.88226,0.941589,12.335032,67209812,65011712,2198100,3.510344590757076,10349062,1053695,33002445.0,15527732.0,1112758.0,36199405.0,3.0,h10
h23,873.016,0.0,190,4,10000000,21.679956,0.930283,11.566601,67209812,61341696,5868116,8.970880620823637,15504932,1078799,49586176.0,21812108.0,1152296.0,59163809.0,3.0,h10
h24,600.568,0.0,162,3,10000000,21.898616,0.93385,11.794681,67209812,58458112,8751700,13.261301787304507,22788330,1115808,73490314.0,28079850.0,1194081.0,88437740.0,3.0,h10
h25,570.236,0.0,184,4,10000000,19.355303,0.907695,10.347763,67209812,57147392,10062420,15.211493226613996,32124186,1158552,106773052.0,34396280.0,1236699.0,124070719.0,3.0,h10
h1,1369.419,0.0,78,3,10000000,20.162332,0.872339,8.939417,67209812,58195968,9013844,13.651340075166408,43554662,1210016,151537730.0,40682544.0,1287775.0,166041038.0,3.0,h14
h2,1319.745,0.0,74,3,10000000,19.043363,0.853215,8.333185,67209812,53739520,13470292,20.28199096881866,56109784,1271100,208918614.0,47893788.0,1348649.0,215283475.0,3.0,h14
h3,1607.448,0.0,52,2,10000000,18.737339,0.831051,7.722449,67209812,51118080,16091732,24.18237384743763,68690928,1336928,278946470.0,57243698.0,1422219.0,273949392.0,3.0,h14
h4,1296.768,0.0,76,3,10000000,18.336833,0.812278,7.264849,67209812,49283072,17926740,26.91264186247092,81275100,1407094,361628664.0,68690970.0,1510743.0,344151105.0,3.0,h14
h5,1136.839,0.0,108,4,10000000,17.300123,0.800799,7.007077,67209812,47448064,19761748,29.6429098775042,93745326,7273771,462647761.0,82215662.0,7445960.0,433812727.0,3.0,h14
h7,1488.818,0.0,146,3,10000000,17.181795,0.796884,6.922563,67209812,45875200,21334612,31.983139604675586,106373688,25751392,594772841.0,97645626.0,25897169.0,557355522.0,3.0,h14
h8,1372.291,0.0,114,2,10000000,18.579159,0.802634,7.047288,67209812,44040192,23169620,34.71340761970886,118969074,25870230,739612145.0,114512192.0,26048585.0,697916299.0,3.0,h14
h6,300.689,0.0,139,3,10000000,19.530896,0.906404,10.287434,67209812,56360960,10848852,16.381608090199688,131570710,25964667,897147522.0,133123090.0,26165500.0,857204889.0,3.0,h10
h11,154.71,0.0,30,1,10000000,34.293281,0.991696,20.806872,67209812,67371008,-161196,0.0,7408,978617,986025.0,6988.0,827102.0,834090.0,3.0,h14
h12,261.44,0.0,72,3,10000000,30.714474,0.981554,17.341051,67209812,67371008,-161196,0.0,7408,978775,1972208.0,966092.0,831432.0,2631614.0,3.0,h10
h13,228.659,0.0,48,2,10000000,24.424818,0.948962,12.921054,67209812,65798144,1411668,2.340229727171384,1000616,985699,3958523.0,3083184.0,843484.0,6558282.0,3.0,h10
h21,411.805,0.0,112,4,10000000,22.21998,0.912725,10.591116,67209812,62914560,4295252,6.630650893652254,4060404,1001040,9019967.0,5180546.0,854573.0,12593401.0,3.0,h10
h22,498.49,0.0,77,3,10000000,29.003319,0.980127,17.017451,67209812,66584576,625236,1.170114863585692,9232910,1024604,19277481.0,7277908.0,864585.0,20735894.0,3.0,h14
h23,906.918,0.0,56,2,10000000,25.979265,0.960854,14.073182,67209812,64749568,2460244,3.9003828786189727,15473106,1053520,35804107.0,10317430.0,878839.0,31932163.0,3.0,h14
h24,756.071,0.0,93,3,10000000,22.992749,0.945577,12.642187,67209812,61341696,5868116,8.970880620823637,21820098,1082992,58707197.0,15539704.0,903033.0,48374900.0,3.0,h14
h25,510.958,0.0,58,2,10000000,21.977731,0.932687,11.719032,67209812,58458112,8751700,13.261301787304507,28104474,1117533,87929204.0,22775622.0,937904.0,72088426.0,3.0,h14
h1,416.852,0.0,87,3,10000000,19.694928,0.915149,10.713441,67209812,57147392,10062420,15.211493226613996,34401250,1160413,123490867.0,32153804.0,981198.0,105223428.0,3.0,h14
h2,1351.361,0.0,99,4,10000000,19.856929,0.871787,8.920696,67209812,58195968,9013844,13.651340075166408,40693410,1211747,165396024.0,43592770.0,1033042.0,149849240.0,3.0,h10
h3,1277.82,0.0,102,4,10000000,17.632957,0.843258,8.048154,67209812,53739520,13470292,20.28199096881866,47956926,1277141,214630091.0,56200980.0,1090530.0,207140750.0,3.0,h10
h4,1228.435,0.0,85,3,10000000,18.69971,0.836407,7.862341,67209812,51118080,16091732,24.18237384743763,57322568,1361355,273314014.0,68733578.0,1151716.0,277026044.0,3.0,h10
h5,1347.166,0.0,104,4,10000000,16.899819,0.804825,7.095753,67209812,49020928,18188884,27.30268015033281,68755336,1458515,343527865.0,81313066.0,1221142.0,359560252.0,3.0,h10
h7,1283.011,0.0,105,4,10000000,17.641161,0.792573,6.831353,67209812,47185920,20023892,30.03294816536609,82283244,1566311,427377420.0,93878928.0,1301158.0,454740338.0,3.0,h10
h8,1216.997,0.0,77,3,10000000,16.844993,0.782761,6.630623,67209812,45613056,21596756,32.37317789253748,97786892,1680041,526844353.0,106443346.0,1388844.0,562572528.0,3.0,h10
h9,1273.865,0.0,50,2,10000000,17.224459,0.782183,6.619081,67209812,43778048,23431764,35.10344590757076,114258400,1790187,642892940.0,119027518.0,1480922.0,683080968.0,3.0,h10
h6,161.311,0.0,27,1,10000000,20.056051,0.914383,10.674405,67209812,56360960,10848852,16.381608090199688,132837246,1913478,777643664.0,131603542.0,1580049.0,816264559.0,3.0,h14
h12,204.073,0.0,39,2,10000000,36.441777,0.996176,24.175313,67209812,67371008,-161196,0.0,7324,803174,810498.0,7158.0,607615.0,614773.0,3.0,h14
h13,208.253,0.0,77,2,10000000,34.132621,0.992396,21.189449,67209812,67371008,-161196,0.0,7324,803332,1621154.0,1000296.0,611945.0,2227014.0,3.0,h10
h21,316.359,0.0,118,4,10000000,25.836903,0.963076,14.3269,67209812,66584576,625236,1.170114863585692,998380,811672,3431206.0,3097658.0,625413.0,5950085.0,3.0,h10
h22,418.606,0.0,117,4,10000000,23.221255,0.925907,11.302256,67209812,63963136,3246676,5.070497742204665,4072882,826836,8330924.0,5195090.0,636325.0,11781500.0,3.0,h10
h23,534.509,0.0,60,2,10000000,33.207028,0.990348,20.15397,67209812,67108864,100948,0.3900382878618973,9274590,850400,18455914.0,7290300.0,646337.0,19718137.0,3.0,h14
h24,865.072,0.0,81,3,10000000,27.090809,0.972422,15.594442,67209812,65536000,1673812,2.730268015033281,15527858,879744,34863516.0,10354204.0,660581.0,30732922.0,3.0,h14
h25,547.735,0.0,59,2,10000000,24.465543,0.955041,13.471806,67209812,62128128,5081684,7.800765757237945,21817068,913212,57593796.0,15527692.0,684851.0,46945465.0,3.0,h14
h1,522.095,0.0,84,3,10000000,21.922643,0.94137,12.318823,67209812,58982400,8227412,12.481225211580714,28109154,984509,86687459.0,22794614.0,747870.0,70487949.0,3.0,h14
h2,306.447,0.0,79,3,10000000,19.571894,0.919339,10.933386,67209812,57671680,9538132,14.4314166508902,34396476,4184627,125268562.0,32149596.0,3938674.0,106576219.0,3.0,h14
h3,1304.014,0.0,136,4,10000000,18.925844,0.873476,8.978286,67209812,58982400,8227412,12.481225211580714,40688562,10620303,176577427.0,43614564.0,10369620.0,160560403.0,3.0,h10
h4,1191.755,0.0,98,3,10000000,18.862229,0.862805,8.626609,67209812,54788096,12421716,18.72183781737107,47933562,20399309,244910298.0,56175456.0,20156952.0,236892811.0,3.0,h10
h5,1170.248,0.0,120,4,10000000,17.747704,0.842575,8.029259,67209812,52166656,15043156,22.622220695990045,57237034,33615263,335762595.0,68688214.0,33371852.0,338952877.0,3.0,h10
h7,1223.449,0.0,127,4,10000000,17.35475,0.824751,7.563444,67209812,50331648,16878164,25.352488711023323,68691096,49343855,453797546.0,81275102.0,49096434.0,469324413.0,3.0,h10
h8,1191.491,0.0,90,3,10000000,17.390296,0.819017,7.423617,67209812,48758784,18451028,27.692718438194703,82235730,68528275,604561551.0,93859274.0,68278304.0,631461991.0,3.0,h10
h9,633.568,0.0,77,2,10000000,17.097714,0.807194,7.148802,67209812,47185920,20023892,30.03294816536609,97866862,91319907,793748320.0,106435298.0,91047074.0,828944363.0,3.0,h10
h11,1108.385,0.0,67,2,10000000,17.336207,0.804542,7.089474,67209812,45613056,21596756,32.37317789253748,114685380,118006271,1026439971.0,119027618.0,117713964.0,1065685945.0,3.0,h10
h6,323.689,0.0,32,1,10000000,19.321619,0.914819,10.696581,67209812,56885248,10324564,15.60153151447589,133074142,147810998,1307325111.0,131409714.0,147506723.0,1344602382.0,3.0,h14
h13,206.906,0.0,38,2,10000000,36.417407,0.995723,23.688227,67209812,67371008,-161196,0.0,7240,1908132,1915372.0,7120.0,1896252.0,1903372.0,3.0,h14
h21,352.775,0.0,106,5,10000000,29.82815,0.980877,17.184499,67209812,67108864,100948,0.3900382878618973,7240,1908448,3831060.0,1001428.0,1900740.0,4805540.0,3.0,h10
h22,333.131,0.0,110,4,10000000,26.290935,0.964603,14.510395,67209812,66584576,625236,1.170114863585692,1000378,1930234,6761672.0,3111512.0,1927664.0,9844716.0,3.0,h10
h23,488.022,0.0,100,4,10000000,23.033105,0.927716,11.40955,67209812,63963136,3246676,5.070497742204665,4086644,1947768,12796084.0,5208902.0,1940700.0,16994318.0,3.0,h10
h24,803.221,0.0,87,3,10000000,32.939241,0.989728,19.883628,67209812,66846720,363092,0.7800765757237946,9256994,1971402,24024480.0,7300098.0,1954912.0,26249328.0,3.0,h14
h25,751.717,0.0,55,2,10000000,23.874059,0.962806,14.295303,67209812,65536000,1673812,2.730268015033281,15527774,2041784,41594038.0,10370168.0,2019818.0,38639314.0,3.0,h14
h1,615.766,0.0,74,3,10000000,24.347317,0.955572,13.523475,67209812,62128128,5081684,7.800765757237945,21819860,5852742,69266640.0,15540710.0,5825210.0,60005234.0,3.0,h14
h2,479.296,0.0,78,3,10000000,22.537015,0.941054,12.295424,67209812,58982400,8227412,12.481225211580714,28109000,13619138,110994778.0,22804296.0,13594314.0,96403844.0,3.0,h14
h3,225.132,0.0,50,2,10000000,19.516949,0.918773,10.903014,67209812,57671680,9538132,14.4314166508902,34396392,25305298,170696468.0,32186360.0,25274110.0,153864314.0,3.0,h14
h4,1283.953,0.0,79,3,10000000,20.340518,0.884937,9.390646,67209812,58982400,8227412,12.481225211580714,40686064,41103986,252486518.0,43608346.0,41068836.0,238541496.0,3.0,h10
h5,1260.037,0.0,105,4,10000000,18.723317,0.862564,8.618988,67209812,54788096,12421716,18.72183781737107,47899886,61112274,361498678.0,56161954.0,61070330.0,355773780.0,3.0,h10
h7,1192.572,0.0,100,4,10000000,19.24498,0.848737,8.202681,67209812,52166656,15043156,22.622220695990045,57271134,85251250,504021062.0,68723274.0,85191086.0,509688140.0,3.0,h10
h8,1162.761,0.0,76,3,10000000,17.38484,0.827808,7.639861,67209812,50593792,16616020,24.962450423161428,68669502,113551420,686241984.0,81299298.0,113483446.0,704470884.0,3.0,h10
h9,1160.265,0.0,55,2,10000000,17.449398,0.821623,7.486617,67209812,48758784,18451028,27.692718438194703,82235646,145220542,913698172.0,93897674.0,145138456.0,943507014.0,3.0,h10
h11,694.813,0.0,54,2,10000000,17.364883,0.812406,7.267819,67209812,47185920,20023892,30.03294816536609,97928030,180009536,1191635738.0,106538432.0,179918970.0,1229964416.0,3.0,h10
h12,1161.326,0.0,78,3,10000000,17.264363,0.803124,7.058069,67209812,45875200,21334612,31.983139604675586,114542544,219070508,1525248790.0,119052234.0,218972994.0,1567989644.0,3.0,h10
h6,322.19,0.0,27,1,10000000,20.047924,0.918011,10.862423,67209812,56885248,10324564,15.60153151447589,133423822,261916928,1920589540.0,131636434.0,261806514.0,1961432592.0,3.0,h14
h21,393.154,0.0,87,3,10000000,21.7663,0.861384,8.581869,67209812,67371008,-161196,0.0,7368,175974,183342.0,7198.0,50125.0,57323.0,3.0,h14
h22,320.579,0.0,105,4,10000000,36.605714,0.996003,23.982967,67209812,67371008,-161196,0.0,7368,176290,367000.0,1000336.0,54613.0,1112272.0,3.0,h10
h23,372.396,0.0,122,4,10000000,31.580187,0.986242,18.614401,67209812,66846720,363092,0.7800765757237946,1000576,182126,1549702.0,3095616.0,65587.0,4273475.0,3.0,h10
h24,526.972,0.0,78,3,10000000,23.754138,0.961822,14.181921,67209812,65536000,1673812,2.730268015033281,4091076,200204,5840982.0,5180756.0,75433.0,9529664.0,3.0,h10
h25,1882.626,0.0,64,2,10000000,26.537532,0.965263,14.592125,67209812,66584576,625236,1.170114863585692,9240358,223908,15305248.0,7278076.0,76331.0,16884071.0,3.0,h14
h1,1336.192,0.0,102,3,10000000,13.438986,0.510108,3.098995,67209812,63963136,3246676,5.070497742204665,15527902,256730,31089880.0,10366272.0,85307.0,27335650.0,3.0,h14
h2,1955.956,0.0,88,3,10000000,20.492285,0.88159,9.266105,67209812,58982400,8227412,12.481225211580714,21836822,1260384,54187086.0,15524772.0,109437.0,42969859.0,3.0,h14
h3,1102.044,0.0,70,2,10000000,16.594732,0.756346,6.132264,67209812,54525952,12683860,19.11187610523297,28112144,3413194,85712424.0,22797586.0,149215.0,65916660.0,3.0,h14
h4,1245.254,0.0,97,3,10000000,17.469187,0.839553,7.946686,67209812,52166656,15043156,22.622220695990045,34396520,6223522,126332466.0,32161870.0,201529.0,98280059.0,3.0,h14
h5,1124.925,0.0,64,2,10000000,17.691759,0.831422,7.731995,67209812,50331648,16878164,25.352488711023323,40688606,7243757,174264829.0,43626462.0,262000.0,142168521.0,3.0,h14
h7,,100.0,86,3,10000000,17.339365,0.818671,7.415337,67209812,48496640,18713172,28.08275672605661,46962546,12287396,233514771.0,57139044.0,332379.0,199639944.0,3.0,h14
h8,334.973,0.0,80,2,10000000,10.207308,0.443653,2.54654,67209812,93585408,-26375596,-39.00382878618973,53260688,21671072,308446531.0,72709172.0,404515.0,272753631.0,3.0,h14
h9,254.098,0.0,88,3,10000000,17.556529,0.800312,6.996473,67209812,45613056,21596756,32.37317789253748,59564864,31508594,399519989.0,89614200.0,483681.0,362851512.0,3.0,h14
h11,206.463,0.0,50,2,10000000,24.78263,0.954127,13.384474,67209812,62128128,5081684,7.800765757237945,65809754,37253390,502583133.0,108335068.0,3178265.0,474364845.0,3.0,h10
h12,254.278,0.0,78,3,10000000,22.573559,0.940986,12.290445,67209812,58982400,8227412,12.481225211580714,73060944,48451730,624095807.0,127944930.0,9743057.0,612052832.0,3.0,h10
h13,996.186,0.0,50,2,10000000,19.277753,0.918533,10.890193,67209812,57671680,9538132,14.4314166508902,82405492,66161714,772663013.0,147462346.0,20452939.0,779968117.0,3.0,h10
h6,1220.571,0.0,120,4,10000000,19.872199,0.916913,10.804674,67209812,56885248,10324564,15.60153151447589,93786634,87135471,953585118.0,167024986.0,34446652.0,981439755.0,3.0,h10
h22,255.312,0.0,57,3,10000000,28.611607,0.975924,16.18409,67209812,66322432,887380,1.5601531514475893,6988,2188259,2195247.0,6988.0,2187037.0,2194025.0,3.0,h14
h23,316.693,0.0,79,4,10000000,27.690737,0.971944,15.519766,67209812,65273856,1935956,3.1203063028951785,6988,2188575,4390810.0,1000126.0,2191525.0,5385676.0,3.0,h10
h24,291.312,0.0,83,3,10000000,25.390678,0.954091,13.381046,67209812,66060288,1149524,1.9501914393094864,1000126,2199021,7589957.0,3097558.0,2202577.0,10685811.0,3.0,h10
h25,548.223,0.0,98,4,10000000,19.238962,0.838883,7.92858,67209812,63176704,4033108,6.240612605790357,4075684,2226963,13892604.0,5194920.0,2217224.0,18097955.0,3.0,h10
h1,801.452,0.0,75,3,10000000,24.827208,0.970855,15.354365,67209812,66060288,1149524,1.9501914393094864,9250686,2259823,25403113.0,7290130.0,2227236.0,27615321.0,3.0,h14
h2,707.453,0.0,74,3,10000000,25.512711,0.962567,14.267434,67209812,65011712,2198100,3.510344590757076,15527522,2297947,43228582.0,10363188.0,2245392.0,40223901.0,3.0,h14
h3,462.696,0.0,51,2,10000000,23.919434,0.946036,12.678992,67209812,61341696,5868116,8.970880620823637,21819608,2340833,67389023.0,15544356.0,2278742.0,58046999.0,3.0,h14
h4,420.911,0.0,80,3,10000000,19.290522,0.912453,10.577571,67209812,58458112,8751700,13.261301787304507,28108748,2395205,97892976.0,22788162.0,2323753.0,83158914.0,3.0,h14
h5,266.981,0.0,53,2,10000000,19.27257,0.905998,10.268616,67209812,57147392,10062420,15.211493226613996,34400904,2453049,134746929.0,32161744.0,2380827.0,117701485.0,3.0,h14
h7,1421.403,0.0,118,4,10000000,19.312272,0.869332,8.838299,67209812,58195968,9013844,13.651340075166408,40688226,2513051,177948206.0,43624674.0,2450405.0,163776564.0,3.0,h10
h8,1287.2,0.0,91,3,10000000,17.575524,0.844923,8.094536,67209812,54001664,13208148,19.891952680956763,47962858,2582879,228493943.0,56210508.0,2525609.0,222512681.0,3.0,h10
h9,1164.661,0.0,51,2,10000000,16.997584,0.82301,7.52051,67209812,51118080,16091732,24.18237384743763,57322148,2662255,288478346.0,68794606.0,2604497.0,293911784.0,3.0,h10
h11,1300.879,0.0,62,2,10000000,17.507191,0.811548,7.247981,67209812,49283072,17926740,26.91264186247092,68753402,2750907,359982655.0,81311552.0,2693191.0,377916527.0,3.0,h10
h12,1170.73,0.0,69,3,10000000,16.903011,0.795856,6.900638,67209812,47448064,19761748,29.6429098775042,82281240,2849301,445113196.0,93915760.0,2791473.0,474623760.0,3.0,h10
h13,1065.048,0.0,45,2,10000000,17.313963,0.792983,6.839933,67209812,45613056,21596756,32.37317789253748,97676946,2953475,545743617.0,106443346.0,2892733.0,583959839.0,3.0,h10
h21,1405.261,0.0,108,4,10000000,18.379856,0.793307,6.846748,67209812,43778048,23431764,35.10344590757076,114507220,3064021,663314858.0,119027518.0,2992151.0,705979508.0,3.0,h10
h6,167.819,0.0,24,1,10000000,19.118485,0.903377,10.149192,67209812,56098816,11110996,16.771646378061583,133451934,3174435,799941227.0,131738266.0,3092630.0,840810404.0,3.0,h14
h23,287.96,0.0,46,2,10000000,36.427172,0.995962,23.938425,67209812,67371008,-161196,0.0,7030,1574561,1581591.0,7074.0,1573607.0,1580681.0,3.0,h14
h24,269.994,0.0,72,3,10000000,32.855227,0.987496,19.029642,67209812,67371008,-161196,0.0,7030,1574877,3163498.0,1000212.0,1578095.0,4158988.0,3.0,h10
h25,328.621,0.0,100,4,10000000,25.626038,0.961539,14.149792,67209812,66322432,887380,1.5601531514475893,1000238,1580633,5744369.0,3097574.0,1589017.0,8845579.0,3.0,h10
h1,562.712,0.0,106,4,10000000,22.966328,0.927352,11.387764,67209812,63963136,3246676,5.070497742204665,4081782,1598559,11424710.0,5192854.0,1606724.0,15645157.0,3.0,h10
h2,878.521,0.0,75,3,10000000,32.017817,0.9875,19.030861,67209812,66846720,363092,0.7800765757237946,9235478,1622048,22282236.0,7285564.0,1630007.0,24560728.0,3.0,h14
h3,600.939,0.0,58,2,10000000,23.860064,0.962867,14.302352,67209812,65536000,1673812,2.730268015033281,15532106,1654526,39468868.0,10378454.0,1662359.0,36601541.0,3.0,h14
h4,578.762,0.0,90,3,10000000,24.738935,0.955361,13.50286,67209812,62128128,5081684,7.800765757237945,21819650,1697400,62985918.0,15524662.0,1704935.0,53831138.0,3.0,h14
h5,317.232,0.0,57,2,10000000,22.31346,0.939512,12.183312,67209812,58982400,8227412,12.481225211580714,28108860,1751659,92846437.0,22794530.0,1759199.0,78384867.0,3.0,h14
h7,284.733,0.0,80,3,10000000,19.79312,0.921081,11.028183,67209812,57671680,9538132,14.4314166508902,34396182,1841303,129083922.0,32153890.0,1848759.0,112387516.0,3.0,h14
h8,1254.001,0.0,80,3,10000000,20.570056,0.886255,9.440672,67209812,59244544,7965268,12.091186923718816,40688268,5060535,174832725.0,43603454.0,5068631.0,161059601.0,3.0,h10
h9,1176.023,0.0,56,2,10000000,19.041321,0.864782,8.689664,67209812,54788096,12421716,18.72183781737107,47952170,11376687,234161582.0,56123470.0,11387209.0,228570280.0,3.0,h10
h11,1069.803,0.0,54,2,10000000,17.546663,0.842507,8.027382,67209812,52166656,15043156,22.622220695990045,57267896,21100687,312530165.0,68733664.0,21096343.0,318400287.0,3.0,h10
h12,1155.758,0.0,80,3,10000000,17.261206,0.821061,7.472939,67209812,50331648,16878164,25.352488711023323,68690802,34149403,415370370.0,81275018.0,34136985.0,433812290.0,3.0,h10
h13,1131.866,0.0,55,2,10000000,17.359264,0.814491,7.316348,67209812,48758784,18451028,27.692718438194703,82235436,50921093,548526899.0,93859190.0,50888987.0,578560467.0,3.0,h10
h21,899.025,0.0,118,4,10000000,16.871314,0.805924,7.120282,67209812,47185920,20023892,30.03294816536609,97837574,71252367,717616840.0,106443362.0,71185747.0,756189576.0,3.0,h10
h22,1240.908,0.0,110,4,10000000,18.355659,0.810825,7.231353,67209812,45613056,21596756,32.37317789253748,114510888,94647289,926775017.0,118967620.0,94545733.0,969702929.0,3.0,h10
h6,326.259,0.0,32,1,10000000,19.582665,0.914262,10.668288,67209812,56885248,10324564,15.60153151447589,133367246,121114798,1181257061.0,131600048.0,120977853.0,1222280830.0,3.0,h14
h24,256.564,0.0,77,3,10000000,36.912803,0.995949,23.92392,67209812,67371008,-161196,0.0,6946,1831872,1838818.0,7200.0,1865139.0,1872339.0,3.0,h10
h25,287.18,0.0,50,2,10000000,32.482566,0.988794,19.505399,67209812,67371008,-161196,0.0,997932,1836202,4672952.0,7200.0,1865297.0,3744836.0,3.0,h14
h1,353.338,0.0,96,3,10000000,26.195703,0.964485,14.495859,67209812,66584576,625236,1.170114863585692,3097446,1847324,9617722.0,1000408.0,1871221.0,6616465.0,3.0,h14
h2,642.836,0.0,85,3,10000000,22.793248,0.921392,11.045324,67209812,63963136,3246676,5.070497742204665,5192726,1864764,16675212.0,4077410.0,1888731.0,12582606.0,3.0,h14
h3,1028.154,0.0,124,4,10000000,31.117064,0.985472,18.377989,67209812,66846720,363092,0.7800765757237946,7277866,1888192,25841270.0,9238676.0,1912285.0,23733567.0,3.0,h10
h4,648.78,0.0,77,3,10000000,26.581768,0.967651,14.901445,67209812,65536000,1673812,2.730268015033281,10353992,1920968,38116230.0,15547526.0,1936927.0,41218020.0,3.0,h10
h5,513.405,0.0,112,4,10000000,24.307008,0.952324,13.216958,67209812,61865984,5343828,8.190804045099844,15527480,1964150,55607860.0,21819848.0,1961377.0,64999245.0,3.0,h10
h7,409.179,0.0,132,4,10000000,22.15924,0.935511,11.905176,67209812,58982400,8227412,12.481225211580714,22798400,2018410,80424670.0,28111892.0,1997213.0,95108350.0,3.0,h10
h8,301.574,0.0,106,3,10000000,19.607931,0.919139,10.922587,67209812,57671680,9538132,14.4314166508902,32161702,2079132,114665504.0,34396226.0,2035507.0,131540083.0,3.0,h10
h9,1258.225,0.0,83,3,10000000,20.210457,0.883638,9.341886,67209812,58982400,8227412,12.481225211580714,43626294,2149220,160441018.0,40693034.0,2077873.0,174310990.0,3.0,h14
h11,1111.243,0.0,28,1,10000000,18.772323,0.858387,8.488965,67209812,54525952,12683860,19.11187610523297,56200938,2228698,218870654.0,47956508.0,2137471.0,224404969.0,3.0,h14
h12,1086.591,0.0,74,2,10000000,18.965299,0.847644,8.17141,67209812,51904512,15305300,23.01225898385194,68690718,2313418,289874790.0,57272540.0,2216979.0,283894488.0,3.0,h14
h13,1197.845,0.0,66,2,10000000,17.10993,0.823325,7.528259,67209812,50069504,17140308,25.742526998885225,81329820,2396782,373601392.0,68722840.0,2304855.0,354922183.0,3.0,h14
h21,1322.343,0.0,107,3,10000000,17.563287,0.812866,7.278474,67209812,48234496,18975316,28.472795013918507,93859062,2481474,469941928.0,82235396.0,2403303.0,439560882.0,3.0,h14
h22,928.199,0.0,96,3,10000000,17.185021,0.802729,7.049358,67209812,46661632,20548180,30.81302474108989,106470628,2606250,579018806.0,97890874.0,2546527.0,539998283.0,3.0,h14
h23,1273.845,0.0,73,2,10000000,17.264345,0.801356,7.019256,67209812,45350912,21858900,32.763216180399375,119021974,6321254,704362034.0,114573986.0,6287133.0,660859402.0,3.0,h14
h6,264.259,0.0,84,3,10000000,19.225703,0.912416,10.575775,67209812,56885248,10324564,15.60153151447589,131603500,13720786,849686320.0,133305692.0,13705605.0,807870699.0,3.0,h10
h25,297.543,0.0,26,2,10000000,36.639971,0.996014,23.994688,67209812,67371008,-161196,0.0,7282,1132289,1139571.0,7156.0,968987.0,976143.0,3.0,h14
h1,335.721,0.0,98,4,10000000,33.400659,0.98947,19.775768,67209812,67371008,-161196,0.0,7282,1132530,2279383.0,1000294.0,973400.0,2949837.0,3.0,h10
h2,334.973,0.0,106,4,10000000,27.206765,0.966599,14.762444,67209812,66584576,625236,1.170114863585692,1000490,1141727,4421600.0,3095574.0,988043.0,7033454.0,3.0,h10
h3,603.507,0.0,120,4,10000000,22.954322,0.922272,11.094213,67209812,63963136,3246676,5.070497742204665,4062242,1156881,9640723.0,5179732.0,998825.0,13212011.0,3.0,h10
h4,902.172,0.0,62,3,10000000,32.026218,0.988338,19.33232,67209812,66846720,363092,0.7800765757237946,9235730,1179957,20056410.0,7292450.0,1008837.0,21513298.0,3.0,h14
h5,693.829,0.0,42,2,10000000,26.990391,0.972635,15.628062,67209812,65536000,1673812,2.730268015033281,15514214,1212347,36782971.0,10352238.0,1022933.0,32888469.0,3.0,h14
h7,450.547,0.0,68,3,10000000,24.10615,0.954619,13.431216,67209812,62128128,5081684,7.800765757237945,21816956,1296653,59896580.0,15536336.0,1087515.0,49512320.0,3.0,h14
h8,297.376,0.0,59,2,10000000,22.746341,0.940471,12.252706,67209812,59244544,7965268,12.091186923718816,28104348,4382422,92383350.0,22799880.0,4154462.0,76466662.0,3.0,h14
h9,271.794,0.0,83,3,10000000,19.462111,0.919547,10.944604,67209812,57671680,9538132,14.4314166508902,34396434,10629998,137409782.0,32159180.0,10392098.0,119017940.0,3.0,h14
h11,1220.57,0.0,57,2,10000000,20.259019,0.887547,9.490296,67209812,59244544,7965268,12.091186923718816,40682628,20126132,198218542.0,43607516.0,19889724.0,182515180.0,3.0,h10
h12,1211.119,0.0,84,3,10000000,18.834155,0.862249,8.609046,67209812,54788096,12421716,18.72183781737107,47925950,32868484,279012976.0,56173236.0,32638632.0,271327048.0,3.0,h10
h13,1083.615,0.0,72,2,10000000,17.572875,0.838543,7.91944,67209812,52166656,15043156,22.622220695990045,57243782,49062004,385318762.0,68702478.0,48833584.0,388863110.0,3.0,h10
h21,1234.012,0.0,105,4,10000000,17.368945,0.828241,7.650807,67209812,50331648,16878164,25.352488711023323,68691054,68379028,522388844.0,81303446.0,68141954.0,538308510.0,3.0,h10
h22,1230.27,0.0,106,4,10000000,17.760493,0.82193,7.494094,67209812,48758784,18451028,27.692718438194703,82226182,90985684,695600710.0,93878392.0,90752574.0,722939476.0,3.0,h10
h23,794.89,0.0,120,4,10000000,18.39685,0.81955,7.43644,67209812,47185920,20023892,30.03294816536609,97316526,116474202,909391438.0,106107138.0,116234166.0,945280780.0,3.0,h10
h24,1306.996,0.0,86,3,10000000,17.170533,0.804409,7.086503,67209812,45613056,21596756,32.37317789253748,114698564,145503150,1169593152.0,119006778.0,145243350.0,1209530908.0,3.0,h10
h6,263.447,0.0,23,1,10000000,22.119931,0.929097,11.49338,67209812,56885248,10324564,15.60153151447589,133484232,177798345,1480875729.0,131615190.0,177528547.0,1518674645.0,3.0,h14
h1,339.023,0.0,70,3,10000000,31.200439,0.984203,18.014385,67209812,67108864,100948,0.3900382878618973,8948,77720,86668.0,8570.0,74153.0,82723.0,3.0,h14
h2,313.653,0.0,76,4,10000000,30.635469,0.983327,17.779933,67209812,67371008,-161196,0.0,8948,80640,176256.0,1001778.0,80928.0,1165429.0,3.0,h10
h3,351.37,0.0,104,4,10000000,25.957569,0.959355,13.909894,67209812,66322432,887380,1.5601531514475893,1000004,86074,1262334.0,3099140.0,91774.0,4356343.0,3.0,h10
h4,611.187,0.0,74,3,10000000,21.471764,0.90684,10.307725,67209812,63438848,3770964,5.85057431792846,4092656,100258,5455248.0,5181146.0,97800.0,9635289.0,3.0,h10
h5,1409.937,0.0,44,2,10000000,23.671268,0.938925,12.141341,67209812,65798144,1411668,2.340229727171384,9243452,124250,14822950.0,7279448.0,98698.0,17013435.0,3.0,h14
h7,1302.845,0.0,71,3,10000000,20.12668,0.878288,9.146668,67209812,62128128,5081684,7.800765757237945,15529482,158196,30510628.0,10361588.0,108584.0,27483607.0,3.0,h14
h8,1224.638,0.0,55,2,10000000,17.378002,0.811715,7.251844,67209812,56098816,11110996,16.771646378061583,21821568,203695,52535891.0,15538174.0,134914.0,43156695.0,3.0,h14
h9,,100.0,72,3,10000000,16.289538,0.764903,6.28752,67209812,50855936,16353876,24.572412135299533,28110778,251054,80897723.0,22796012.0,172245.0,66124952.0,3.0,h14
h11,631.044,0.0,26,1,10000000,17.262907,0.767697,6.33945,67209812,47710208,19499604,29.2528715896423,34405810,298557,115602090.0,32155302.0,224074.0,98504328.0,3.0,h14
h12,255.905,0.0,75,3,10000000,19.663232,0.875823,9.059578,67209812,58458112,8751700,13.261301787304507,40694950,346641,156643681.0,43622996.0,285638.0,142412962.0,3.0,h10
h13,206.78,0.0,55,2,10000000,17.82487,0.843833,8.064097,67209812,54001664,13208148,19.891952680956763,47964818,397833,205006332.0,56212006.0,355976.0,198980944.0,3.0,h10
h21,310.949,0.0,109,4,10000000,17.177889,0.822558,7.509427,67209812,51380224,15829588,23.792335559575736,57315802,458121,262780255.0,68771696.0,434682.0,268187322.0,3.0,h10
h22,313.565,0.0,115,4,10000000,17.552419,0.811382,7.244164,67209812,49545216,17664596,26.52260357460901,68749306,528697,332058258.0,81329846.0,523892.0,350041060.0,3.0,h10
h23,308.535,0.0,114,4,10000000,18.156431,0.805878,7.119249,67209812,47448064,19761748,29.6429098775042,82272460,611933,414942651.0,93889652.0,617418.0,444548130.0,3.0,h10
h24,258.539,0.0,85,3,10000000,17.129027,0.793491,6.85061,67209812,45875200,21334612,31.983139604675586,97534966,707314,513184931.0,106466112.0,714605.0,551728847.0,3.0,h10
h25,315.949,0.0,108,4,10000000,17.145442,0.79224,6.824378,67209812,44302336,22907476,34.32336933184696,114320824,807092,628312847.0,119029016.0,820490.0,671578353.0,3.0,h10
h26,157.152,0.0,22,1,10000000,15.708936,0.739856,5.847869,67209812,45088768,22121044,33.153254468261274,132494992,899930,761707769.0,131607756.0,919600.0,804105709.0,3.0,h14
h27,262.157,0.0,71,3,10000000,15.871031,0.725452,5.613812,67209812,42729472,24480340,36.663599059018345,151700818,1025010,914433597.0,145163878.0,1044506.0,950314093.0,3.0,h14
h28,248.117,0.0,55,2,10000000,15.866928,0.714556,5.444797,67209812,40370176,26839636,40.173943649775424,170740630,1163992,1086338219.0,160622442.0,1183456.0,1112119991.0,3.0,h14
h29,320.741,0.0,72,3,10000000,15.603426,0.707913,5.34488,67209812,38010880,29198932,43.684288240532496,190065964,1299994,1277704177.0,177595552.0,1320516.0,1291036059.0,3.0,h14
h30,255.749,0.0,82,3,10000000,15.779225,0.700698,5.238897,67209812,35913728,31296084,46.80459454342768,209242352,1427098,1488373627.0,196056668.0,1458030.0,1488550757.0,3.0,h14
h6,156.643,0.0,22,1,10000000,15.072005,0.677604,4.916105,67209812,34340864,32868948,49.14482427059907,228201980,1564810,1718140417.0,215056500.0,1610086.0,1705217343.0,3.0,h14
h2,259.44,0.0,63,3,10000000,25.371313,0.940558,12.259053,67209812,67108864,100948,0.3900382878618973,8696,100329,109025.0,8618.0,100230.0,108848.0,3.0,h14
h3,316.459,0.0,99,4,10000000,31.402736,0.983657,17.866623,67209812,67371008,-161196,0.0,8696,103216,220937.0,1002926.0,107112.0,1218886.0,3.0,h10
h4,296.998,0.0,79,3,10000000,25.365759,0.952561,13.238627,67209812,66060288,1149524,1.9501914393094864,1001904,109280,1332121.0,3099188.0,118384.0,4436458.0,3.0,h10
h5,573.945,0.0,101,4,10000000,20.887621,0.903063,10.135116,67209812,63176704,4033108,6.240612605790357,4080420,123608,5536149.0,5194398.0,128438.0,9759294.0,3.0,h10
h7,1357.825,0.0,68,3,10000000,23.611384,0.935934,11.933702,67209812,65536000,1673812,2.730268015033281,9255422,147312,14938883.0,7291760.0,142720.0,17193774.0,3.0,h14
h8,1174.37,0.0,56,2,10000000,19.172009,0.8473,8.161611,67209812,61865984,5343828,8.190804045099844,15529230,181360,30649473.0,10367776.0,167132.0,27728682.0,3.0,h14
h9,1261.633,0.0,109,3,10000000,17.83419,0.820839,7.467575,67209812,55836672,11373140,17.16168466592348,21818440,226081,52693994.0,15526206.0,202334.0,43457222.0,3.0,h14
h11,1150.012,0.0,39,1,10000000,17.299125,0.792768,6.835437,67209812,50855936,16353876,24.572412135299533,28110526,273844,81078364.0,22796144.0,245391.0,66498757.0,3.0,h14
h12,1245.433,0.0,79,2,10000000,15.937231,0.75952,6.189207,67209812,47448064,19761748,29.6429098775042,34397848,320933,115797145.0,32163374.0,296936.0,98959067.0,3.0,h14
h13,1234.409,0.0,79,2,10000000,19.781461,0.872418,8.94211,67209812,58195968,9013844,13.651340075166408,40694698,372427,156864270.0,43627966.0,358224.0,142945257.0,3.0,h10
h21,1347.77,0.0,136,4,10000000,17.790872,0.845128,8.100266,67209812,53739520,13470292,20.28199096881866,47944160,433323,205241753.0,56194304.0,428482.0,199568043.0,3.0,h10
h22,993.538,0.0,140,4,10000000,16.881713,0.821004,7.47156,67209812,51118080,16091732,24.18237384743763,57251252,503605,262996610.0,68707672.0,508186.0,268783901.0,3.0,h10
h23,1491.759,0.0,158,4,10000000,16.730896,0.807451,7.154591,67209812,49020928,18188884,27.30268015033281,68692468,586897,332275975.0,81302442.0,592598.0,350678941.0,3.0,h10
h24,1359.147,0.0,108,3,10000000,18.096276,0.806871,7.141532,67209812,47185920,20023892,30.03294816536609,82252384,685123,415213482.0,93863762.0,681298.0,445224001.0,3.0,h10
h25,1179.758,0.0,143,4,10000000,17.251916,0.7913,6.804779,67209812,45613056,21596756,32.37317789253748,97644356,788055,513645893.0,106425360.0,776520.0,552425881.0,3.0,h10
h26,395.07,0.0,118,3,10000000,17.193237,0.789665,6.77088,67209812,44040192,23169620,34.71340761970886,114345496,901676,628893065.0,119048902.0,882288.0,672357071.0,3.0,h10
h27,257.898,0.0,96,3,10000000,15.875498,0.736618,5.794132,67209812,44564480,22645332,33.93333104398506,132799590,1006852,762699507.0,131613250.0,984454.0,804954775.0,3.0,h14
h28,214.961,0.0,72,2,10000000,15.693212,0.711143,5.393169,67209812,41943040,25266772,37.83371392260404,151386532,1132080,915218119.0,145148448.0,1108530.0,951211753.0,3.0,h14
h29,263.599,0.0,109,3,10000000,15.600056,0.714448,5.443145,67209812,39845888,27363924,40.954020225499214,170375428,1264896,1086858443.0,160401188.0,1245064.0,1112858005.0,3.0,h14
h30,268.59,0.0,117,3,10000000,15.707337,0.704982,5.301512,67209812,37486592,29723220,44.46436481625629,189417450,1388914,1277664807.0,177400008.0,1384220.0,1291642233.0,3.0,h14
h1,258.874,0.0,108,3,10000000,15.343307,0.689392,5.077869,67209812,35651584,31558228,47.19463283128957,208253568,1526726,1487445101.0,195720798.0,1528746.0,1488891777.0,3.0,h14
h6,158.772,0.0,29,1,10000000,15.105346,0.680662,4.957487,67209812,34340864,32868948,49.14482427059907,227575302,1666392,1716686795.0,215039252.0,1694018.0,1705625047.0,3.0,h14
h3,299.355,0.0,51,2,10000000,32.021783,0.985767,18.467091,67209812,67371008,-161196,0.0,8780,98078,106858.0,8724.0,88639.0,97363.0,3.0,h14
h4,261.1,0.0,68,3,10000000,34.114749,0.992283,21.125787,67209812,67371008,-161196,0.0,8780,100393,216031.0,1001862.0,95126.0,1194351.0,3.0,h10
h5,332.913,0.0,93,4,10000000,26.141094,0.960394,14.022438,67209812,66322432,887380,1.5601531514475893,1001988,106177,1324196.0,3090906.0,106258.0,4391515.0,3.0,h10
h7,473.584,0.0,105,4,10000000,22.314252,0.916857,10.801737,67209812,63700992,3508820,5.460536030066562,4063740,120361,5508297.0,5185240.0,120400.0,9697155.0,3.0,h10
h8,1306.781,0.0,57,2,10000000,24.496399,0.948265,12.862133,67209812,66060288,1149524,1.9501914393094864,9192920,144205,14845422.0,7261342.0,139918.0,17098415.0,3.0,h14
h9,,100.0,83,3,10000000,20.873413,0.894647,9.773542,67209812,62390272,4819540,7.41072746937605,15529314,173665,30548401.0,10355770.0,168078.0,27622263.0,3.0,h14
h11,1349.929,0.0,30,1,10000000,18.184797,0.833003,7.772922,67209812,56623104,10586708,15.991569802337793,21821400,204090,52573891.0,15526312.0,211743.0,43360318.0,3.0,h14
h12,1215.08,0.0,53,2,10000000,17.660196,0.806638,7.136286,67209812,51642368,15567444,23.40229727171384,28110610,233772,80918273.0,22796180.0,264329.0,66420827.0,3.0,h14
h13,922.402,0.0,56,2,10000000,15.918036,0.774033,6.459552,67209812,48496640,18713172,28.08275672605661,34402696,266674,115587643.0,32163410.0,325245.0,98909482.0,3.0,h14
h21,307.753,0.0,99,4,10000000,19.671882,0.876576,9.086016,67209812,58720256,8489556,12.871263499442612,40690018,308872,156586533.0,43579012.0,395129.0,142883623.0,3.0,h10
h22,315.869,0.0,103,4,10000000,18.927421,0.855838,8.411501,67209812,54525952,12683860,19.11187610523297,47964650,376968,204928151.0,56226472.0,491713.0,199601808.0,3.0,h10
h23,311.173,0.0,93,4,10000000,17.449024,0.83829,7.912635,67209812,51904512,15305300,23.01225898385194,57323940,442004,262694095.0,68784824.0,575903.0,268962535.0,3.0,h10
h24,260.544,0.0,68,3,10000000,18.865389,0.835789,7.845982,67209812,50069504,17140308,25.742526998885225,68750652,520330,331965077.0,81359770.0,659769.0,350982074.0,3.0,h10
h25,306.277,0.0,93,4,10000000,17.443922,0.815079,7.330146,67209812,48496640,18713172,28.08275672605661,82281518,609158,414855753.0,93887356.0,748089.0,445617519.0,3.0,h10
h26,255.455,0.0,71,3,10000000,17.137172,0.803897,7.075156,67209812,47185920,20023892,30.03294816536609,97717726,703318,513276797.0,106519030.0,843461.0,552980010.0,3.0,h10
h27,307.003,0.0,105,4,10000000,18.370624,0.809675,7.205041,67209812,45350912,21858900,32.763216180399375,114555332,805461,628637590.0,119045102.0,947160.0,672972272.0,3.0,h10
h28,205.048,0.0,57,2,10000000,16.026432,0.749994,6.020493,67209812,45875200,21334612,31.983139604675586,132839958,902315,762379863.0,131621126.0,1054742.0,805648140.0,3.0,h14
h29,258.311,0.0,83,3,10000000,16.094378,0.737486,5.80848,67209812,43515904,23693908,35.49348419543266,151906170,1021837,915307870.0,145104960.0,1175672.0,951928772.0,3.0,h14
h30,343.879,0.0,83,3,10000000,16.034422,0.72765,5.64872,67209812,41418752,25791060,38.61379049832783,170730378,1127217,1087165465.0,160218756.0,1300680.0,1113448208.0,3.0,h14
h1,360.722,0.0,72,3,10000000,16.30265,0.724305,5.595712,67209812,38797312,28412500,42.51417337694681,189761126,1255793,1278182384.0,177139946.0,1442382.0,1292030536.0,3.0,h14
h2,255.821,0.0,78,3,10000000,15.8208,0.714805,5.448579,67209812,36962304,30247508,45.24444139198009,208981642,1379293,1488543319.0,195736326.0,1588222.0,1489355084.0,3.0,h14
h6,152.548,0.0,29,1,10000000,15.602292,0.694865,5.155079,67209812,35389440,31820372,47.58467111915147,228341814,4988309,1721873442.0,215264266.0,5220146.0,1709839496.0,3.0,h14
h4,347.797,0.0,82,3,10000000,33.254298,0.989175,19.655906,67209812,67371008,-161196,0.0,8696,1161793,1170489.0,8556.0,1120523.0,1129079.0,3.0,h14
h5,327.557,0.0,100,4,10000000,33.780964,0.991171,20.540892,67209812,67371008,-161196,0.0,8696,1163159,2342344.0,1001694.0,1125991.0,3256764.0,3.0,h10
h7,354.158,0.0,114,4,10000000,26.44097,0.966015,14.687121,67209812,66584576,625236,1.170114863585692,1001904,1204852,4549100.0,3096904.0,1168093.0,7521761.0,3.0,h10
h8,591.801,0.0,81,3,10000000,21.847679,0.922076,11.08326,67209812,63963136,3246676,5.070497742204665,4063656,4477815,13090571.0,5182044.0,4423602.0,17127407.0,3.0,h10
h9,1433.909,0.0,89,3,10000000,24.693804,0.950105,13.019443,67209812,66060288,1149524,1.9501914393094864,9237144,11153631,33481346.0,7279476.0,11082112.0,35488995.0,3.0,h14
h11,1184.809,0.0,39,1,10000000,20.004543,0.889727,9.575316,67209812,62914560,4295252,6.630650893652254,15529230,21214087,70224663.0,10355602.0,21129244.0,66973841.0,3.0,h14
h12,1392.882,0.0,70,2,10000000,18.416651,0.834164,7.803204,67209812,56885248,10324564,15.60153151447589,21818370,34658255,126701288.0,15526144.0,34563237.0,117063222.0,3.0,h14
h13,1171.452,0.0,60,2,10000000,17.782365,0.809874,7.209594,67209812,51904512,15305300,23.01225898385194,28105762,51466221,206273271.0,22785282.0,51374581.0,191223085.0,3.0,h14
h21,1333.755,0.0,84,3,10000000,16.29577,0.777724,6.531067,67209812,48758784,18451028,27.692718438194703,34397398,71673285,312343954.0,32158404.0,71597493.0,294978982.0,3.0,h14
h22,1297.755,0.0,122,4,10000000,19.194761,0.874481,9.012901,67209812,59244544,7965268,12.091186923718816,40689934,95421822,448455710.0,43551308.0,95362460.0,433892750.0,3.0,h10
h23,1251.795,0.0,107,4,10000000,18.999112,0.863469,8.647698,67209812,54788096,12421716,18.72183781737107,47936448,126378643,622770801.0,56186010.0,126339615.0,616418375.0,3.0,h10
h24,1113.668,0.0,85,3,10000000,17.50179,0.840954,7.984769,67209812,52166656,15043156,22.622220695990045,57245196,160313499,840329496.0,68692258.0,160314327.0,845424960.0,3.0,h10
h25,1406.743,0.0,100,4,10000000,17.220198,0.829703,7.687941,67209812,50331648,16878164,25.352488711023323,68732116,175532097,1084593709.0,81313078.0,175542963.0,1102281001.0,3.0,h10
h26,1281.578,0.0,79,3,10000000,18.576652,0.826977,7.618958,67209812,48758784,18451028,27.692718438194703,82227596,194750179,1361571484.0,93860588.0,194754133.0,1390895722.0,3.0,h10
h27,996.283,0.0,114,4,10000000,16.917535,0.807564,7.157147,67209812,47185920,20023892,30.03294816536609,97868234,218144021,1677583739.0,106456830.0,218149913.0,1715502465.0,3.0,h10
h28,261.265,0.0,81,3,10000000,17.037182,0.801257,7.017087,67209812,45613056,21596756,32.37317789253748,114782754,245379241,2037745734.0,119028848.0,245385002.0,2079916315.0,3.0,h10
h29,273.992,0.0,89,3,10000000,15.931793,0.75195,6.054614,67209812,46137344,21072468,31.593101316813684,133589098,276631445,2447966277.0,131619034.0,276645348.0,2488180697.0,3.0,h14
h30,267.479,0.0,94,3,10000000,16.07802,0.739489,5.841738,67209812,43778048,23431764,35.10344590757076,152861598,311500201,2912328076.0,145024486.0,311524402.0,2944729585.0,3.0,h14
h1,351.408,0.0,84,3,10000000,15.931679,0.731262,5.70671,67209812,41680896,25528916,38.22375221046594,172404574,349403029,3434135679.0,160578780.0,349445946.0,3454754311.0,3.0,h14
h2,345.044,0.0,97,3,10000000,16.132155,0.723302,5.579937,67209812,39321600,27888212,41.73409680122301,192069396,389979375,4016184450.0,177517818.0,390043926.0,4022316055.0,3.0,h14
h3,205.45,0.0,61,2,10000000,15.857815,0.713375,5.426857,67209812,37224448,29985364,44.85440310411819,211546978,433409719,4661141147.0,196241554.0,433496528.0,4652054137.0,3.0,h14
h6,152.977,0.0,33,1,10000000,15.488092,0.696547,5.17909,67209812,35651584,31558228,47.19463283128957,231160326,479950923,5372252396.0,215750512.0,480078610.0,5347883259.0,3.0,h14
h5,295.812,0.0,48,2,10000000,32.953719,0.988028,19.21816,67209812,67371008,-161196,0.0,8696,3644529,3653225.0,8570.0,3622458.0,3631028.0,3.0,h14
h7,401.638,0.0,154,5,10000000,33.448027,0.989831,19.927416,67209812,67371008,-161196,0.0,8696,3645755,7307676.0,1001778.0,3627856.0,8260662.0,3.0,h10
h8,299.998,0.0,126,3,10000000,27.149269,0.968419,15.005715,67209812,66584576,625236,1.170114863585692,999752,3654272,11961700.0,3099140.0,3641474.0,15001276.0,3.0,h10
h9,498.026,0.0,75,2,10000000,23.436579,0.932049,11.678023,67209812,63963136,3246676,5.070497742204665,4088100,3668446,19718246.0,5196502.0,3651556.0,23849334.0,3.0,h10
h11,1253.741,0.0,23,1,10000000,24.656477,0.950928,13.091675,67209812,66060288,1149524,1.9501914393094864,9247742,3692010,32657998.0,7291712.0,3665698.0,34806744.0,3.0,h14
h12,1189.812,0.0,57,2,10000000,21.227325,0.898253,9.924769,67209812,62914560,4295252,6.630650893652254,15529230,3721394,51908622.0,10355616.0,3689860.0,48852220.0,3.0,h14
h13,1216.215,0.0,48,2,10000000,18.373178,0.831901,7.744356,67209812,56885248,10324564,15.60153151447589,21818370,3753072,77480064.0,15526228.0,3725229.0,68103677.0,3.0,h14
h21,1280.699,0.0,70,3,10000000,17.472373,0.808145,7.17026,67209812,51904512,15305300,23.01225898385194,28113472,3787024,109380560.0,22796096.0,3768433.0,94668206.0,3.0,h14
h22,1273.709,0.0,76,3,10000000,16.118015,0.778177,6.539928,67209812,48758784,18451028,27.692718438194703,34405558,3863614,147649732.0,32163326.0,3855649.0,130687181.0,3.0,h14
h23,1298.29,0.0,133,5,10000000,19.068688,0.876957,9.099432,67209812,58982400,8227412,12.481225211580714,40694698,7832598,196177028.0,43618390.0,7853353.0,182158924.0,3.0,h10
h24,1215.708,0.0,96,3,10000000,19.065734,0.865813,8.722904,67209812,54788096,12421716,18.72183781737107,47936448,15899780,260013256.0,56175354.0,15952215.0,254286493.0,3.0,h10
h25,1015.566,0.0,123,4,10000000,17.483287,0.841829,8.008723,67209812,52166656,15043156,22.622220695990045,57238406,28100044,345351706.0,68707624.0,28181385.0,351175502.0,3.0,h10
h26,1278.6,0.0,132,3,10000000,17.245802,0.829146,7.673759,67209812,50593792,16616020,24.962450423161428,68710778,44443664,458506148.0,81294824.0,44560043.0,477030369.0,3.0,h10
h27,1523.265,0.0,154,5,10000000,17.224991,0.818853,7.419678,67209812,48758784,18451028,27.692718438194703,82237102,64931514,605674764.0,93885052.0,65080247.0,635995668.0,3.0,h10
h28,1147.146,0.0,126,3,10000000,18.467518,0.820208,7.452303,67209812,47185920,20023892,30.03294816536609,97828810,89496410,792999984.0,106444928.0,89676175.0,832116771.0,3.0,h10
h29,429.433,0.0,115,2,10000000,17.04038,0.804232,7.082587,67209812,45613056,21596756,32.37317789253748,114619998,117794640,1025414622.0,118956180.0,117996034.0,1069068985.0,3.0,h10
h30,297.512,0.0,106,3,10000000,16.151395,0.755302,6.113689,67209812,46137344,21072468,31.593101316813684,133435230,149961322,1308811174.0,131527346.0,150172380.0,1350768711.0,3.0,h14
h1,419.969,0.0,70,3,10000000,17.074894,0.753415,6.080331,67209812,44040192,23169620,34.71340761970886,153015450,185897714,1647724338.0,145087444.0,186134476.0,1681990631.0,3.0,h14
h2,381.473,0.0,77,3,10000000,16.052564,0.733453,5.742264,67209812,41943040,25266772,37.83371392260404,172632406,225418862,2045775606.0,160687444.0,225652270.0,2068330345.0,3.0,h14
h3,210.515,0.0,51,2,10000000,16.114588,0.723919,5.589631,67209812,39321600,27888212,41.73409680122301,192163954,268547670,2506487230.0,177376066.0,268803568.0,2514509979.0,3.0,h14
h4,259.407,0.0,75,3,10000000,15.997764,0.718705,5.508382,67209812,37486592,29723220,44.46436481625629,211268178,312609724,3030365132.0,195584494.0,312893632.0,3022988105.0,3.0,h14
h6,152.493,0.0,25,1,10000000,16.35869,0.707393,5.337146,67209812,35651584,31558228,47.19463283128957,231425842,363793306,3625584280.0,215886754.0,364061592.0,3602936451.0,3.0,h14
h7,313.192,0.0,81,4,10000000,35.471014,0.993577,21.922662,67209812,67371008,-161196,0.0,8782,313141,321923.0,8598.0,316979.0,325577.0,3.0,h10
h8,216.958,0.0,42,2,10000000,32.80809,0.987511,19.034854,67209812,67371008,-161196,0.0,1001920,323560,1647403.0,8598.0,323366.0,657541.0,3.0,h14
h9,278.839,0.0,61,3,10000000,26.0072,0.963414,14.366848,67209812,66584576,625236,1.170114863585692,3099352,349751,5096506.0,999584.0,348274.0,2005399.0,3.0,h14
h11,285.423,0.0,23,1,10000000,21.143618,0.917459,10.833296,67209812,63963136,3246676,5.070497742204665,5196714,372867,10666087.0,4087932.0,384858.0,6478189.0,3.0,h14
h12,1097.333,0.0,67,3,10000000,24.686888,0.948179,12.854918,67209812,66060288,1149524,1.9501914393094864,7288786,395983,18350856.0,9241518.0,430822.0,16150529.0,3.0,h10
h13,1226.638,0.0,45,2,10000000,20.054062,0.884801,9.385531,67209812,62914560,4295252,6.630650893652254,10355828,423911,29130595.0,15529132.0,482648.0,32162309.0,3.0,h10
h21,1294.721,0.0,86,4,10000000,18.460606,0.83461,7.814911,67209812,56885248,10324564,15.60153151447589,15529316,462939,45122850.0,21818272.0,539935.0,54520516.0,3.0,h10
h22,1278.709,0.0,93,4,10000000,17.616798,0.810258,7.21836,67209812,51904512,15305300,23.01225898385194,22796308,513905,68433063.0,28110358.0,601009.0,83231883.0,3.0,h10
h23,1246.414,0.0,86,4,10000000,16.045388,0.78248,6.62501,67209812,49020928,18188884,27.30268015033281,32163538,582423,101179024.0,34402444.0,661607.0,118295934.0,3.0,h10
h24,1203.19,0.0,78,3,10000000,18.926842,0.874033,8.997445,67209812,59244544,7965268,12.091186923718816,43618602,665479,145463105.0,40694456.0,725717.0,159716107.0,3.0,h14
h25,1193.273,0.0,52,2,10000000,18.176454,0.853592,8.344361,67209812,54788096,12421716,18.72183781737107,56143488,753745,202360338.0,47958046.0,799611.0,208473764.0,3.0,h14
h26,1011.488,0.0,26,1,10000000,17.301743,0.838102,7.907582,67209812,52166656,15043156,22.622220695990045,68704666,846325,271911329.0,57323688.0,882769.0,266680221.0,3.0,h14
h27,905.611,0.0,69,3,10000000,17.376422,0.824943,7.568207,67209812,50331648,16878164,25.352488711023323,81319544,947877,354178750.0,68716666.0,975295.0,336372182.0,3.0,h14
h28,1263.839,0.0,42,2,10000000,17.12403,0.813747,7.298959,67209812,48758784,18451028,27.692718438194703,93869982,1054985,449103717.0,82266054.0,1081757.0,419719993.0,3.0,h14
h29,1281.614,0.0,67,3,10000000,17.020756,0.809155,7.193189,67209812,47185920,20023892,30.03294816536609,106451126,1164037,556718880.0,97879000.0,1199781.0,518798774.0,3.0,h14
h30,1059.811,0.0,76,3,10000000,17.31258,0.803934,7.075976,67209812,45613056,21596756,32.37317789253748,119021094,1279135,677019109.0,114749970.0,1325830.0,634874574.0,3.0,h14
h1,451.987,0.0,86,4,10000000,16.338898,0.761126,6.218314,67209812,46137344,21072468,31.593101316813684,131644048,1393429,810056586.0,133604528.0,1454114.0,769933216.0,3.0,h10
h2,313.056,0.0,93,4,10000000,15.997397,0.743165,5.903466,67209812,43778048,23431764,35.10344590757076,145148612,1511787,956716985.0,153118830.0,1597934.0,924649980.0,3.0,h10
h3,308.388,0.0,86,4,10000000,16.057587,0.733531,5.743539,67209812,41943040,25266772,37.83371392260404,160788080,1632081,1119137146.0,172640846.0,1740744.0,1099031570.0,3.0,h10
h4,261.973,0.0,65,3,10000000,15.955686,0.722,5.559557,67209812,39321600,27888212,41.73409680122301,177710578,1772107,1298619831.0,192272300.0,1890806.0,1293194676.0,3.0,h10
h5,309.301,0.0,84,4,10000000,15.83001,0.712953,5.420477,67209812,37224448,29985364,44.85440310411819,196322902,1911681,1496854414.0,211869558.0,2048238.0,1507112472.0,3.0,h10
h6,254.995,0.0,66,3,10000000,15.801254,0.700911,5.241998,67209812,35651584,31558228,47.19463283128957,216025406,2062247,1714942067.0,231482932.0,2210510.0,1740805914.0,3.0,h10
h7,257.531,0.0,73,3,10000000,34.598082,0.992077,21.011081,67209812,67371008,-161196,0.0,9780,650945,660725.0,9704.0,653035.0,662739.0,6.0,h14
h8,215.144,0.0,48,2,10000000,26.217887,0.966224,14.713979,67209812,66584576,625236,1.170114863585692,10662,656791,1328178.0,1917492.0,663763.0,3243994.0,6.0,h14
h9,274.478,0.0,64,3,10000000,22.904131,0.928424,11.452311,67209812,63963136,3246676,5.070497742204665,11628,664709,2004515.0,5902572.0,683159.0,9829725.0,6.0,h14
h11,219.263,0.0,53,2,10000000,36.586998,0.995881,23.851662,67209812,67371008,-161196,0.0,12594,675761,2692870.0,11963028.0,711717.0,22504470.0,6.0,h10
h12,303.756,0.0,77,3,10000000,35.588657,0.994327,22.46168,67209812,67108864,100948,0.3900382878618973,1437874,693409,4824153.0,18288108.0,742365.0,41534943.0,6.0,h10
h13,1308.801,0.0,71,3,10000000,18.267644,0.874815,9.024485,67209812,59244544,7965268,12.091186923718816,4936628,729450,10490231.0,24564300.0,775414.0,66874657.0,6.0,h14
h21,321.463,0.0,106,4,10000000,32.85726,0.9886,19.430847,67209812,66584576,625236,1.170114863585692,9158240,769668,20418139.0,32791230.0,813938.0,100479825.0,6.0,h10
h22,1245.242,0.0,75,3,10000000,18.955146,0.864331,8.675209,67209812,54788096,12421716,18.72183781737107,14774462,814302,36006903.0,41181714.0,861172.0,142522711.0,6.0,h14
h23,1300.68,0.0,75,2,10000000,17.761121,0.841381,7.99646,67209812,52166656,15043156,22.622220695990045,21069332,868252,57944487.0,51473464.0,917828.0,194914003.0,6.0,h14
h1,1273.232,0.0,94,3,10000000,30.150132,0.988497,19.392028,67209812,67371008,-161196,0.0,27360566,925878,86230931.0,63829162.0,983980.0,259727145.0,6.0,h14
h2,1124.911,0.0,75,3,10000000,17.062621,0.814903,7.326005,67209812,48758784,18451028,27.692718438194706,33653618,989170,120873719.0,78353620.0,1059234.0,339139999.0,6.0,h14
h3,1131.095,0.0,75,2,10000000,16.970078,0.809539,7.201951,67209812,47185920,20023892,30.03294816536609,39951434,1062014,161887167.0,94956722.0,1145198.0,435241919.0,6.0,h14
h4,387.104,0.0,77,3,10000000,27.974808,0.97826,16.627472,67209812,63700992,3508820,5.460536030066562,46189776,1227716,209304659.0,113500998.0,1459230.0,550202147.0,6.0,h10
h5,975.565,0.0,79,2,10000000,17.436998,0.804692,7.09279,67209812,45613056,21596756,32.37317789253748,53889864,4444247,267638770.0,132052430.0,4861507.0,687116084.0,6.0,h14
h6,470.476,0.0,96,3,10000000,27.435054,0.977679,16.512883,67209812,61603840,5605972,8.58084233296174,62243808,10794319,340676897.0,151320692.0,11449867.0,849886643.0,6.0,h10
